Workbook

Sheet sheetOne
A1: Chi nhánh | B1: Mã hóa đơn | D1: Thời gian | E1: Mã khách hàng | F1: Ghi chú | G1: Giảm giá hóa đơn | H1: tổng thanh toán | I1: Mã hàng | J1: IMEI | K1: Số lượng | L1: Đơn giá | M1: Giảm giá hàng hóa | N1: Giá bán | O1: Thành tiền hàng hóa
A2: HN - 10 HÀNG BÚN - KHO 1 | B2: HD001584 | C2: =vlookup(B2,'Trang tính1'!AB:AB,1,0) -> #N/A | D2: 43465.836 | E2: KH002097 | G2: 0 | H2: 9000000 | I2: PHUKIENTT{DEL1} | K2: 1 | L2: 0 | M2: 0 | N2: 0 | O2: 0
A3: HN - 10 HÀNG BÚN - KHO 1 | B3: HD001584 | C3: =vlookup(B3,'Trang tính1'!AB:AB,1,0) -> #N/A | D3: 43465.836 | E3: KH002097 | G3: 0 | H3: 9000000 | I3: ip7ph128 | J3: 359176072121804 | K3: 1 | L3: 12990000 | M3: 3990000 | N3: 9000000 | O3: 9000000
A4: HN - 10 HÀNG BÚN - KHO 1 | B4: HD001583 | C4: =vlookup(B4,'Trang tính1'!AB:AB,1,0) -> #N/A | D4: 43465.816 | E4: KH002096 | G4: 0 | H4: 5190000 | I4: PHUKIENTT{DEL1} | K4: 1 | L4: 0 | M4: 0 | N4: 0 | O4: 0
A5: HN - 10 HÀNG BÚN - KHO 1 | B5: HD001583 | C5: =vlookup(B5,'Trang tính1'!AB:AB,1,0) -> #N/A | D5: 43465.816 | E5: KH002096 | G5: 0 | H5: 5190000 | I5: ip6pd16 | J5: 354441066237841 | K5: 1 | L5: 5590000 | M5: 400000 | N5: 5190000 | O5: 5190000
A6: HN - 10 HÀNG BÚN - KHO 1 | B6: HD001582 | C6: =vlookup(B6,'Trang tính1'!AB:AB,1,0) -> HD001582 | D6: 43465.809 | G6: 0 | H6: 600000 | I6: SP000011{DEL} | K6: 1 | L6: 600000 | M6: 0 | N6: 600000 | O6: 600000
A7: HN - 10 HÀNG BÚN - KHO 1 | B7: HD001581 | C7: =vlookup(B7,'Trang tính1'!AB:AB,1,0) -> HD001581 | D7: 43465.807 | E7: KH002095 | G7: 0 | H7: 30090000 | I7: iPxsmv256 | J7: 357278099742810 | K7: 1 | L7: 30090000 | M7: 0 | N7: 30090000 | O7: 30090000
A8: HN - 10 HÀNG BÚN - KHO 1 | B8: HD001580 | C8: =vlookup(B8,'Trang tính1'!AB:AB,1,0) -> HD001580 | D8: 43465.718 | G8: 0 | H8: 400000 | I8: SP000006{DEL} | K8: 1 | L8: 400000 | M8: 0 | N8: 400000 | O8: 400000
A9: HN - 10 HÀNG BÚN - KHO 1 | B9: HD001579 | C9: =vlookup(B9,'Trang tính1'!AB:AB,1,0) -> #N/A | D9: 43465.691 | E9: KH002094 | G9: 0 | H9: 14290000 | I9: PHUKIENTG{DEL1} | K9: 1 | L9: 0 | M9: 0 | N9: 0 | O9: 0
A10: HN - 10 HÀNG BÚN - KHO 1 | B10: HD001579 | C10: =vlookup(B10,'Trang tính1'!AB:AB,1,0) -> #N/A | D10: 43465.691 | E10: KH002094 | G10: 0 | H10: 14290000 | I10: 99%ip8plusSilver64 | J10: 356768089013421 | K10: 1 | L10: 15290000 | M10: 1000000 | N10: 14290000 | O10: 14290000
A11: HN - 10 HÀNG BÚN - KHO 1 | B11: HD001578 | C11: =vlookup(B11,'Trang tính1'!AB:AB,1,0) -> #N/A | D11: 43465.647 | E11: KH000129 | G11: 0 | H11: 6100000 | I11: PHUKIENTT{DEL1} | K11: 1 | L11: 0 | M11: 0 | N11: 0 | O11: 0
A12: HN - 10 HÀNG BÚN - KHO 1 | B12: HD001578 | C12: =vlookup(B12,'Trang tính1'!AB:AB,1,0) -> #N/A | D12: 43465.647 | E12: KH000129 | G12: 0 | H12: 6100000 | I12: ip7t32 | J12: 353826081535057 | K12: 1 | L12: 8190000 | M12: 2090000 | N12: 6100000 | O12: 6100000
A13: HN - 10 HÀNG BÚN - KHO 1 | B13: HD001577 | C13: =vlookup(B13,'Trang tính1'!AB:AB,1,0) -> HD001577 | D13: 43465.623 | E13: KH002093 | G13: 0 | H13: 26790000 | I13: care1{DEL} | K13: 1 | L13: 1000000 | M13: 0 | N13: 1000000 | O13: 1000000
A14: HN - 10 HÀNG BÚN - KHO 1 | B14: HD001577 | C14: =vlookup(B14,'Trang tính1'!AB:AB,1,0) -> HD001577 | D14: 43465.623 | E14: KH002093 | G14: 0 | H14: 26790000 | I14: SP000090 | K14: 1 | L14: 200000 | M14: 0 | N14: 200000 | O14: 200000
A15: HN - 10 HÀNG BÚN - KHO 1 | B15: HD001577 | C15: =vlookup(B15,'Trang tính1'!AB:AB,1,0) -> HD001577 | D15: 43465.623 | E15: KH002093 | G15: 0 | H15: 26790000 | I15: iPxsmd64 | J15: 357269096879267 | K15: 1 | L15: 25590000 | M15: 0 | N15: 25590000 | O15: 25590000
A16: HN - 10 HÀNG BÚN - KHO 1 | B16: HD001576 | C16: =vlookup(B16,'Trang tính1'!AB:AB,1,0) -> HD001576 | D16: 43465.613 | G16: 0 | H16: 100000 | I16: SP000090 | K16: 1 | L16: 100000 | M16: 0 | N16: 100000 | O16: 100000
A17: HN - 10 HÀNG BÚN - KHO 1 | B17: HD001575 | C17: =vlookup(B17,'Trang tính1'!AB:AB,1,0) -> HD001575 | D17: 43465.6 | E17: KH000840 | G17: 0 | H17: 30790000 | I17: care1{DEL} | K17: 1 | L17: 1000000 | M17: 0 | N17: 1000000 | O17: 1000000
A18: HN - 10 HÀNG BÚN - KHO 1 | B18: HD001575 | C18: =vlookup(B18,'Trang tính1'!AB:AB,1,0) -> HD001575 | D18: 43465.6 | E18: KH000840 | G18: 0 | H18: 30790000 | I18: iPxsmt512 | J18: 357264093239508 | K18: 1 | L18: 29790000 | M18: 0 | N18: 29790000 | O18: 29790000
A19: HN - 10 HÀNG BÚN - KHO 1 | B19: HD001574 | C19: =vlookup(B19,'Trang tính1'!AB:AB,1,0) -> HD001574 | D19: 43465.515 | G19: 0 | H19: 200000 | I19: SP000090 | K19: 1 | L19: 200000 | M19: 0 | N19: 200000 | O19: 200000
A20: HN - 10 HÀNG BÚN - KHO 1 | B20: HD001573 | C20: =vlookup(B20,'Trang tính1'!AB:AB,1,0) -> HD001573 | D20: 43465.49 | E20: KH002031 | G20: 0 | H20: 29790000 | I20: iPxsmt512 | J20: 357271093044515 | K20: 1 | L20: 29790000 | M20: 0 | N20: 29790000 | O20: 29790000
A21: HN - 10 HÀNG BÚN - KHO 1 | B21: HD001571 | C21: =vlookup(B21,'Trang tính1'!AB:AB,1,0) -> HD001571 | D21: 43465.464 | E21: KH001401 | G21: 100000 | H21: 29900000 | I21: SP000090 | K21: 1 | L21: 0 | M21: 0 | N21: 0 | O21: 0
A22: HN - 10 HÀNG BÚN - KHO 1 | B22: HD001571 | C22: =vlookup(B22,'Trang tính1'!AB:AB,1,0) -> HD001571 | D22: 43465.464 | E22: KH001401 | G22: 100000 | H22: 29900000 | I22: iPxsmt512 | J22: 357263093013269 | K22: 1 | L22: 30000000 | M22: 0 | N22: 30000000 | O22: 30000000
A23: HN - 10 HÀNG BÚN - KHO 1 | B23: HD001570 | C23: =vlookup(B23,'Trang tính1'!AB:AB,1,0) -> #N/A | D23: 43465.462 | E23: KH002092 | G23: 200000 | H23: 16000000 | I23: PHUKIENTT{DEL1} | K23: 1 | L23: 0 | M23: 0 | N23: 0 | O23: 0
A24: HN - 10 HÀNG BÚN - KHO 1 | B24: HD001570 | C24: =vlookup(B24,'Trang tính1'!AB:AB,1,0) -> #N/A | D24: 43465.462 | E24: KH002092 | G24: 200000 | H24: 16000000 | I24: 99%ipxGray64 | J24: 356726083637058 | K24: 1 | L24: 16200000 | M24: 0 | N24: 16200000 | O24: 16200000
A25: HN - 10 HÀNG BÚN - KHO 1 | B25: HD001569 | C25: =vlookup(B25,'Trang tính1'!AB:AB,1,0) -> HD001569 | D25: 43465.462 | E25: KH002092 | G25: 200000 | H25: 11600000 | I25: SP000108{DEL} | J25: FH7XP662KDH0 | K25: 1 | L25: 11800000 | M25: 0 | N25: 11800000 | O25: 11800000
A26: HN - 10 HÀNG BÚN - KHO 1 | B26: HD001566 | C26: =vlookup(B26,'Trang tính1'!AB:AB,1,0) -> HD001566 | D26: 43465.408 | E26: KH000073 | G26: 0 | H26: 28200000 | I26: SP000104 | J26: FVFXF29HJK7F | K26: 1 | L26: 28200000 | M26: 0 | N26: 28200000 | O26: 28200000
A27: HN - 10 HÀNG BÚN - KHO 1 | B27: HD001565 | C27: =vlookup(B27,'Trang tính1'!AB:AB,1,0) -> HD001565 | D27: 43464.78 | E27: KH000340 | G27: 0 | H27: 200000 | I27: SP000090 | K27: 1 | L27: 200000 | M27: 0 | N27: 200000 | O27: 200000
A28: HN - 10 HÀNG BÚN - KHO 1 | B28: HD001564 | C28: =vlookup(B28,'Trang tính1'!AB:AB,1,0) -> HD001564 | D28: 43464.718 | E28: KH002091 | G28: 0 | H28: 16090000 | I28: 99%ipxSilver256cu | J28: 359409082297375 | K28: 1 | L28: 16090000 | M28: 0 | N28: 16090000 | O28: 16090000
A29: HN - 10 HÀNG BÚN - KHO 1 | B29: HD001563 | C29: =vlookup(B29,'Trang tính1'!AB:AB,1,0) -> HD001563 | D29: 43464.666 | E29: KH000396 | G29: 0 | H29: 700000 | I29: SP000106 | K29: 1 | L29: 700000 | M29: 0 | N29: 700000 | O29: 700000
A30: HN - 10 HÀNG BÚN - KHO 1 | B30: HD001562 | C30: =vlookup(B30,'Trang tính1'!AB:AB,1,0) -> HD001562 | D30: 43464.618 | E30: KH001427{DEL1} | G30: 0 | H30: 12450000 | I30: 99%ip8plusGold64 | J30: 356774088084835 | K30: 1 | L30: 15290000 | M30: 2840000 | N30: 12450000 | O30: 12450000
A31: HN - 10 HÀNG BÚN - KHO 1 | B31: HD001561 | C31: =vlookup(B31,'Trang tính1'!AB:AB,1,0) -> #N/A | D31: 43464.615 | E31: KH002090 | G31: 90000 | H31: 4000000 | I31: PHUKIENTT{DEL1} | K31: 1 | L31: 0 | M31: 0 | N31: 0 | O31: 0
A32: HN - 10 HÀNG BÚN - KHO 1 | B32: HD001561 | C32: =vlookup(B32,'Trang tính1'!AB:AB,1,0) -> #N/A | D32: 43464.615 | E32: KH002090 | G32: 90000 | H32: 4000000 | I32: ip6v64 | J32: 358363061768560 | K32: 1 | L32: 4390000 | M32: 300000 | N32: 4090000 | O32: 4090000
A33: HN - 10 HÀNG BÚN - KHO 1 | B33: HD001560 | C33: =vlookup(B33,'Trang tính1'!AB:AB,1,0) -> HD001560 | D33: 43464.583 | E33: KH002089 | G33: 0 | H33: 28580000 | I33: iPxsmv64 | J33: 357271096993759 | K33: 1 | L33: 27490000 | M33: 0 | N33: 27490000 | O33: 27490000
A34: HN - 10 HÀNG BÚN - KHO 1 | B34: HD001560 | C34: =vlookup(B34,'Trang tính1'!AB:AB,1,0) -> HD001560 | D34: 43464.583 | E34: KH002089 | G34: 0 | H34: 28580000 | I34: care1{DEL} | K34: 1 | L34: 1000000 | M34: 10000 | N34: 990000 | O34: 990000
A35: HN - 10 HÀNG BÚN - KHO 1 | B35: HD001560 | C35: =vlookup(B35,'Trang tính1'!AB:AB,1,0) -> HD001560 | D35: 43464.583 | E35: KH002089 | G35: 0 | H35: 28580000 | I35: SP000090 | K35: 1 | L35: 100000 | M35: 0 | N35: 100000 | O35: 100000
A36: HN - 10 HÀNG BÚN - KHO 1 | B36: HDD_TH000111 | C36: =vlookup(B36,'Trang tính1'!AB:AB,1,0) -> HDD_TH000111 | D36: 43464.566 | E36: KH002076 | G36: 0 | H36: 0 | I36: 99%ipxSilver256cu | J36: 356726080743826 | K36: 1 | L36: 16490000 | M36: 0 | N36: 16490000 | O36: 16490000
A37: HN - 10 HÀNG BÚN - KHO 1 | B37: HD001559 | C37: =vlookup(B37,'Trang tính1'!AB:AB,1,0) -> #N/A | D37: 43464.549 | E37: KH002088 | G37: 0 | H37: 11300000 | I37: ip7pds128 | J37: 356572081388223 | K37: 1 | L37: 13190000 | M37: 1890000 | N37: 11300000 | O37: 11300000
A38: HN - 10 HÀNG BÚN - KHO 1 | B38: HD001559 | C38: =vlookup(B38,'Trang tính1'!AB:AB,1,0) -> #N/A | D38: 43464.549 | E38: KH002088 | G38: 0 | H38: 11300000 | I38: PHUKIENTG{DEL1} | K38: 1 | L38: 0 | M38: 0 | N38: 0 | O38: 0
A39: HN - 10 HÀNG BÚN - KHO 1 | B39: HD001558 | C39: =vlookup(B39,'Trang tính1'!AB:AB,1,0) -> HD001558 | D39: 43464.499 | E39: KH002087 | G39: 0 | H39: 13390000 | I39: 99%ip8plusSilver64 | J39: 35677008743829 | K39: 1 | L39: 15290000 | M39: 1900000 | N39: 13390000 | O39: 13390000
A40: HN - 10 HÀNG BÚN - KHO 1 | B40: HD001557 | C40: =vlookup(B40,'Trang tính1'!AB:AB,1,0) -> HD001557 | D40: 43464.478 | E40: KH002086 | G40: 0 | H40: 11500000 | I40: ip7pds128 | J40: 355356080167924 | K40: 1 | L40: 13190000 | M40: 1690000 | N40: 11500000 | O40: 11500000
A41: HN - 10 HÀNG BÚN - KHO 1 | B41: HD001556 | C41: =vlookup(B41,'Trang tính1'!AB:AB,1,0) -> HD001556 | D41: 43464.477 | E41: KH002085 | G41: 0 | H41: 3700000 | I41: ip6v16 | J41: 356981063318399 | K41: 1 | L41: 3700000 | M41: 0 | N41: 3700000 | O41: 3700000
A42: HN - 10 HÀNG BÚN - KHO 1 | B42: HD001554 | C42: =vlookup(B42,'Trang tính1'!AB:AB,1,0) -> #N/A | D42: 43463.682 | E42: KH002084 | G42: 90000 | H42: 6900000 | I42: ip7ds128 | J42: 353826080284202 | K42: 1 | L42: 9190000 | M42: 2200000 | N42: 6990000 | O42: 6990000
A43: HN - 10 HÀNG BÚN - KHO 1 | B43: HD001554 | C43: =vlookup(B43,'Trang tính1'!AB:AB,1,0) -> #N/A | D43: 43463.682 | E43: KH002084 | G43: 90000 | H43: 6900000 | I43: PHUKIENTT{DEL1} | K43: 1 | L43: 0 | M43: 0 | N43: 0 | O43: 0
A44: HN - 10 HÀNG BÚN - KHO 1 | B44: HD001553 | C44: =vlookup(B44,'Trang tính1'!AB:AB,1,0) -> #N/A | D44: 43463.66 | E44: KH002083 | G44: 90000 | H44: 7600000 | I44: SP000028{DEL} | K44: 1 | L44: 500000 | M44: 200000 | N44: 300000 | O44: 300000
A45: HN - 10 HÀNG BÚN - KHO 1 | B45: HD001553 | C45: =vlookup(B45,'Trang tính1'!AB:AB,1,0) -> #N/A | D45: 43463.66 | E45: KH002083 | G45: 90000 | H45: 7600000 | I45: PHUKIENTT{DEL1} | K45: 1 | L45: 0 | M45: 0 | N45: 0 | O45: 0
A46: HN - 10 HÀNG BÚN - KHO 1 | B46: HD001553 | C46: =vlookup(B46,'Trang tính1'!AB:AB,1,0) -> #N/A | D46: 43463.66 | E46: KH002083 | G46: 90000 | H46: 7600000 | I46: ip6sph64 | J46: 35333107235553 | K46: 1 | L46: 8390000 | M46: 1000000 | N46: 7390000 | O46: 7390000
A47: HN - 10 HÀNG BÚN - KHO 1 | B47: HD001552 | C47: =vlookup(B47,'Trang tính1'!AB:AB,1,0) -> HD001552 | D47: 43463.626 | E47: KH001936 | G47: 0 | H47: 28800000 | I47: care1{DEL} | K47: 1 | L47: 1000000 | M47: 0 | N47: 1000000 | O47: 1000000
A48: HN - 10 HÀNG BÚN - KHO 1 | B48: HD001552 | C48: =vlookup(B48,'Trang tính1'!AB:AB,1,0) -> HD001552 | D48: 43463.626 | E48: KH001936 | G48: 0 | H48: 28800000 | I48: iPxsmv64 | J48: 358729091051336 | K48: 1 | L48: 27800000 | M48: 0 | N48: 27800000 | O48: 27800000
A49: HN - 10 HÀNG BÚN - KHO 1 | B49: HD001551 | C49: =vlookup(B49,'Trang tính1'!AB:AB,1,0) -> HD001551 | D49: 43463.593 | E49: KH001427{DEL1} | G49: 0 | H49: 9700000 | I49: ip7ph128 | J49: 355347085333744 | K49: 1 | L49: 12990000 | M49: 3290000 | N49: 9700000 | O49: 9700000
A50: HN - 10 HÀNG BÚN - KHO 1 | B50: HD001550 | C50: =vlookup(B50,'Trang tính1'!AB:AB,1,0) -> HD001550 | D50: 43463.546 | E50: KH002082 | G50: 0 | H50: 29890000 | I50: SP000103{DEL} | K50: 1 | L50: 100000 | M50: 0 | N50: 100000 | O50: 100000
A51: HN - 10 HÀNG BÚN - KHO 1 | B51: HD001550 | C51: =vlookup(B51,'Trang tính1'!AB:AB,1,0) -> HD001550 | D51: 43463.546 | E51: KH002082 | G51: 0 | H51: 29890000 | I51: care1{DEL} | K51: 1 | L51: 1000000 | M51: 0 | N51: 1000000 | O51: 1000000
A52: HN - 10 HÀNG BÚN - KHO 1 | B52: HD001550 | C52: =vlookup(B52,'Trang tính1'!AB:AB,1,0) -> HD001550 | D52: 43463.546 | E52: KH002082 | G52: 0 | H52: 29890000 | I52: iPxsmd256 | J52: 357265094774336 | K52: 1 | L52: 28790000 | M52: 0 | N52: 28790000 | O52: 28790000
A53: HN - 10 HÀNG BÚN - KHO 1 | B53: HD001549 | C53: =vlookup(B53,'Trang tính1'!AB:AB,1,0) -> HD001549 | D53: 43462.824 | E53: KH002081 | G53: 0 | H53: 17900000 | I53: 99%ipxSilver64cu | J53: 359410081799346 | K53: 1 | L53: 17900000 | M53: 0 | N53: 17900000 | O53: 17900000
A54: HN - 10 HÀNG BÚN - KHO 1 | B54: HD001548 | C54: =vlookup(B54,'Trang tính1'!AB:AB,1,0) -> HD001548 | D54: 43462.799 | E54: KH002080 | G54: 0 | H54: 26790000 | I54: SP000090 | K54: 1 | L54: 100000 | M54: 0 | N54: 100000 | O54: 100000
A55: HN - 10 HÀNG BÚN - KHO 1 | B55: HD001548 | C55: =vlookup(B55,'Trang tính1'!AB:AB,1,0) -> HD001548 | D55: 43462.799 | E55: KH002080 | G55: 0 | H55: 26790000 | I55: iPxsmd64 | J55: 357275096852949 | K55: 1 | L55: 25690000 | M55: 0 | N55: 25690000 | O55: 25690000
A56: HN - 10 HÀNG BÚN - KHO 1 | B56: HD001548 | C56: =vlookup(B56,'Trang tính1'!AB:AB,1,0) -> HD001548 | D56: 43462.799 | E56: KH002080 | G56: 0 | H56: 26790000 | I56: care1{DEL} | K56: 1 | L56: 1000000 | M56: 0 | N56: 1000000 | O56: 1000000
A57: HN - 10 HÀNG BÚN - KHO 1 | B57: HD001545 | C57: =vlookup(B57,'Trang tính1'!AB:AB,1,0) -> #N/A | D57: 43462.783 | E57: KH002079 | G57: 0 | H57: 14890000 | I57: PHUKIENTG{DEL1} | K57: 1 | L57: 0 | M57: 0 | N57: 0 | O57: 0
A58: HN - 10 HÀNG BÚN - KHO 1 | B58: HD001545 | C58: =vlookup(B58,'Trang tính1'!AB:AB,1,0) -> #N/A | D58: 43462.783 | E58: KH002079 | G58: 0 | H58: 14890000 | I58: 99%ip8plusGold64 | J58: 354834091580435 | K58: 1 | L58: 15290000 | M58: 400000 | N58: 14890000 | O58: 14890000
A59: HN - 10 HÀNG BÚN - KHO 1 | B59: HD001544 | C59: =vlookup(B59,'Trang tính1'!AB:AB,1,0) -> HD001544 | D59: 43462.688 | E59: KH001605 | G59: 0 | H59: 28900000 | I59: iPxsv256 | J59: 357216092399303 | K59: 1 | L59: 28900000 | M59: 0 | N59: 28900000 | O59: 28900000
A60: HN - 10 HÀNG BÚN - KHO 1 | B60: HD001543 | C60: =vlookup(B60,'Trang tính1'!AB:AB,1,0) -> HD001543 | D60: 43462.669 | E60: KH002078 | G60: 0 | H60: 26600000 | I60: iPxsmt64 | J60: 357277099315296 | K60: 1 | L60: 26500000 | M60: 0 | N60: 26500000 | O60: 26500000
A61: HN - 10 HÀNG BÚN - KHO 1 | B61: HD001543 | C61: =vlookup(B61,'Trang tính1'!AB:AB,1,0) -> HD001543 | D61: 43462.669 | E61: KH002078 | G61: 0 | H61: 26600000 | I61: SP000090 | K61: 1 | L61: 100000 | M61: 0 | N61: 100000 | O61: 100000
A62: HN - 10 HÀNG BÚN - KHO 1 | B62: HD001542 | C62: =vlookup(B62,'Trang tính1'!AB:AB,1,0) -> HD001542 | D62: 43462.652 | G62: 0 | H62: 500000 | I62: SP000028{DEL} | K62: 1 | L62: 500000 | M62: 0 | N62: 500000 | O62: 500000
A63: HN - 10 HÀNG BÚN - KHO 1 | B63: HD001541 | C63: =vlookup(B63,'Trang tính1'!AB:AB,1,0) -> HD001541 | D63: 43462.64 | E63: KH002077 | G63: 0 | H63: 10990000 | I63: ip7pv128 | J63: 359172073934253 | K63: 1 | L63: 12990000 | M63: 2000000 | N63: 10990000 | O63: 10990000
A64: HN - 10 HÀNG BÚN - KHO 1 | B64: HD001540 | C64: =vlookup(B64,'Trang tính1'!AB:AB,1,0) -> HD001540 | D64: 43462.556 | E64: KH000235 | G64: 0 | H64: 11990000 | I64: SP000108{DEL} | J64: FHLXPATBKDH0 | K64: 1 | L64: 11990000 | M64: 0 | N64: 11990000 | O64: 11990000
A65: HN - 10 HÀNG BÚN - KHO 1 | B65: HD001539 | C65: =vlookup(B65,'Trang tính1'!AB:AB,1,0) -> HD001539 | D65: 43462.506 | E65: KH001427{DEL1} | G65: 0 | H65: 28100000 | I65: iPxsmv256 | J65: 357267099121323 | K65: 1 | L65: 28100000 | M65: 0 | N65: 28100000 | O65: 28100000
A66: HN - 10 HÀNG BÚN - KHO 1 | B66: HD001538 | C66: =vlookup(B66,'Trang tính1'!AB:AB,1,0) -> #N/A | D66: 43462.504 | E66: KH002076 | G66: 0 | H66: 16490000 | I66: PHUKIENTT{DEL1} | K66: 1 | L66: 0 | M66: 0 | N66: 0 | O66: 0
A67: HN - 10 HÀNG BÚN - KHO 1 | B67: HD001538 | C67: =vlookup(B67,'Trang tính1'!AB:AB,1,0) -> #N/A | D67: 43462.504 | E67: KH002076 | G67: 0 | H67: 16490000 | I67: 99%ipxSilver256cu | J67: 356726089144646 | K67: 1 | L67: 16490000 | M67: 0 | N67: 16490000 | O67: 16490000
A68: HN - 10 HÀNG BÚN - KHO 1 | B68: HD001537 | C68: =vlookup(B68,'Trang tính1'!AB:AB,1,0) -> HD001537 | D68: 43462.493 | E68: KH000406 | G68: 0 | H68: 200000 | I68: SP000090 | K68: 1 | L68: 200000 | M68: 0 | N68: 200000 | O68: 200000
A69: HN - 10 HÀNG BÚN - KHO 1 | B69: HD001536 | C69: =vlookup(B69,'Trang tính1'!AB:AB,1,0) -> HD001536 | D69: 43462.492 | G69: 0 | H69: 200000 | I69: SP000090 | K69: 1 | L69: 200000 | M69: 0 | N69: 200000 | O69: 200000
A70: HN - 10 HÀNG BÚN - KHO 1 | B70: HDD_TH000110 | C70: =vlookup(B70,'Trang tính1'!AB:AB,1,0) -> HDD_TH000110 | D70: 43461.848 | E70: KH002072 | G70: 0 | H70: 0 | I70: 99%ipxSilver64cu | J70: 356741080982670 | K70: 1 | L70: 15990000 | M70: 0 | N70: 15990000 | O70: 15990000
A71: HN - 10 HÀNG BÚN - KHO 1 | B71: HD001535 | C71: =vlookup(B71,'Trang tính1'!AB:AB,1,0) -> HD001535 | D71: 43461.775 | G71: 0 | H71: 1200000 | I71: SP000107 | K71: 1 | L71: 1200000 | M71: 0 | N71: 1200000 | O71: 1200000
A72: HN - 10 HÀNG BÚN - KHO 1 | B72: HD001534 | C72: =vlookup(B72,'Trang tính1'!AB:AB,1,0) -> HD001534 | D72: 43461.766 | E72: KH002075 | G72: 0 | H72: 9500000 | I72: ip7pds128 | J72: 359153079151043 | K72: 1 | L72: 13190000 | M72: 3690000 | N72: 9500000 | O72: 9500000
A73: HN - 10 HÀNG BÚN - KHO 1 | B73: HD001533 | C73: =vlookup(B73,'Trang tính1'!AB:AB,1,0) -> HD001533 | D73: 43461.759 | E73: KH000129 | G73: 0 | H73: 15800000 | I73: 99%ipxSilver256cu | J73: 356721087587540 | K73: 1 | L73: 15800000 | M73: 0 | N73: 15800000 | O73: 15800000
A74: HN - 10 HÀNG BÚN - KHO 1 | B74: HD001532 | C74: =vlookup(B74,'Trang tính1'!AB:AB,1,0) -> HD001532 | D74: 43461.744 | E74: KH000517 | G74: 0 | H74: 27590000 | I74: iPxst256 | J74: 356175090455379 | K74: 1 | L74: 27590000 | M74: 0 | N74: 27590000 | O74: 27590000
A75: HN - 10 HÀNG BÚN - KHO 1 | B75: HD001531 | C75: =vlookup(B75,'Trang tính1'!AB:AB,1,0) -> HD001531 | D75: 43461.72 | E75: KH001427{DEL1} | G75: 0 | H75: 14000000 | I75: 99%ipxSilver256cu | J75: 359406085757231 | K75: 1 | L75: 14000000 | M75: 0 | N75: 14000000 | O75: 14000000
A76: HN - 10 HÀNG BÚN - KHO 1 | B76: HD001530 | C76: =vlookup(B76,'Trang tính1'!AB:AB,1,0) -> #N/A | D76: 43461.711 | E76: KH002074 | G76: 200000 | H76: 11090000 | I76: ip7pds256 | J76: 355356081953231 | K76: 1 | L76: 13290000 | M76: 2000000 | N76: 11290000 | O76: 11290000
A77: HN - 10 HÀNG BÚN - KHO 1 | B77: HD001530 | C77: =vlookup(B77,'Trang tính1'!AB:AB,1,0) -> #N/A | D77: 43461.711 | E77: KH002074 | G77: 200000 | H77: 11090000 | I77: PHUKIENTT{DEL1} | K77: 1 | L77: 0 | M77: 0 | N77: 0 | O77: 0
A78: HN - 10 HÀNG BÚN - KHO 1 | B78: HD001529 | C78: =vlookup(B78,'Trang tính1'!AB:AB,1,0) -> HD001529 | D78: 43461.673 | E78: KH002073 | G78: 400000 | H78: 60600000 | I78: iPxsmv256 | J78: 357279099117128 | K78: 1 | L78: 30500000 | M78: 0 | N78: 30500000 | O78: 30500000
A79: HN - 10 HÀNG BÚN - KHO 1 | B79: HD001529 | C79: =vlookup(B79,'Trang tính1'!AB:AB,1,0) -> HD001529 | D79: 43461.673 | E79: KH002073 | G79: 400000 | H79: 60600000 | I79: SP000090 | K79: 2 | L79: 200000 | M79: 0 | N79: 200000 | O79: 400000
A80: HN - 10 HÀNG BÚN - KHO 1 | B80: HD001529 | C80: =vlookup(B80,'Trang tính1'!AB:AB,1,0) -> HD001529 | D80: 43461.673 | E80: KH002073 | G80: 400000 | H80: 60600000 | I80: iPxsmt512 | J80: 357274090495672 | K80: 1 | L80: 30100000 | M80: 0 | N80: 30100000 | O80: 30100000
A81: HN - 10 HÀNG BÚN - KHO 1 | B81: HD001528 | C81: =vlookup(B81,'Trang tính1'!AB:AB,1,0) -> HD001528 | D81: 43461.661 | E81: KH001852 | G81: 0 | H81: 28000000 | I81: iPxsmv64 | J81: 358740090997981 | K81: 1 | L81: 27900000 | M81: 0 | N81: 27900000 | O81: 27900000
A82: HN - 10 HÀNG BÚN - KHO 1 | B82: HD001528 | C82: =vlookup(B82,'Trang tính1'!AB:AB,1,0) -> HD001528 | D82: 43461.661 | E82: KH001852 | G82: 0 | H82: 28000000 | I82: SP000090 | K82: 1 | L82: 100000 | M82: 0 | N82: 100000 | O82: 100000
A83: HN - 10 HÀNG BÚN - KHO 1 | B83: HD001527 | C83: =vlookup(B83,'Trang tính1'!AB:AB,1,0) -> HD001527 | D83: 43461.508 | G83: 0 | H83: 400000 | I83: SP000005{DEL} | K83: 1 | L83: 400000 | M83: 0 | N83: 400000 | O83: 400000
A84: HN - 10 HÀNG BÚN - KHO 1 | B84: HD001526 | C84: =vlookup(B84,'Trang tính1'!AB:AB,1,0) -> #N/A | D84: 43460.867 | E84: KH002072 | G84: 0 | H84: 15990000 | I84: PHUKIENTT{DEL1} | K84: 1 | L84: 0 | M84: 0 | N84: 0 | O84: 0
A85: HN - 10 HÀNG BÚN - KHO 1 | B85: HD001526 | C85: =vlookup(B85,'Trang tính1'!AB:AB,1,0) -> #N/A | D85: 43460.867 | E85: KH002072 | G85: 0 | H85: 15990000 | I85: 99%ipxSilver64cu | J85: 359410081799346 | K85: 1 | L85: 15990000 | M85: 0 | N85: 15990000 | O85: 15990000
A86: HN - 10 HÀNG BÚN - KHO 1 | B86: HD001525 | C86: =vlookup(B86,'Trang tính1'!AB:AB,1,0) -> #N/A | D86: 43460.818 | E86: KH002070 | G86: 0 | H86: 11890000 | I86: PHUKIENTG{DEL1} | K86: 1 | L86: 0 | M86: 0 | N86: 0 | O86: 0
A87: HN - 10 HÀNG BÚN - KHO 1 | B87: HD001525 | C87: =vlookup(B87,'Trang tính1'!AB:AB,1,0) -> #N/A | D87: 43460.818 | E87: KH002070 | G87: 0 | H87: 11890000 | I87: ip7pt128 | J87: 359215071716220 | K87: 1 | L87: 12990000 | M87: 1300000 | N87: 11690000 | O87: 11690000
A88: HN - 10 HÀNG BÚN - KHO 1 | B88: HD001525 | C88: =vlookup(B88,'Trang tính1'!AB:AB,1,0) -> #N/A | D88: 43460.818 | E88: KH002070 | G88: 0 | H88: 11890000 | I88: Jachchuyendoi{DEL} | K88: 1 | L88: 200000 | M88: 0 | N88: 200000 | O88: 200000
A89: HN - 10 HÀNG BÚN - KHO 1 | B89: HDD_TH000109 | C89: =vlookup(B89,'Trang tính1'!AB:AB,1,0) -> HDD_TH000109 | D89: 43460.768 | E89: KH002032 | G89: 0 | H89: 0 | I89: ip6spv16 | J89: 353290074002882 | K89: 1 | L89: 7790000 | M89: 0 | N89: 7790000 | O89: 7790000
A90: HN - 10 HÀNG BÚN - KHO 1 | B90: HD001524 | C90: =vlookup(B90,'Trang tính1'!AB:AB,1,0) -> #N/A | D90: 43460.581 | E90: KH002071 | G90: 0 | H90: 10690000 | I90: PHUKIENTG{DEL1} | K90: 1 | L90: 0 | M90: 0 | N90: 0 | O90: 0
A91: HN - 10 HÀNG BÚN - KHO 1 | B91: HD001524 | C91: =vlookup(B91,'Trang tính1'!AB:AB,1,0) -> #N/A | D91: 43460.581 | E91: KH002071 | G91: 0 | H91: 10690000 | I91: ip7pds32 | J91: 355375084182689 | K91: 1 | L91: 11490000 | M91: 800000 | N91: 10690000 | O91: 10690000
A92: HN - 10 HÀNG BÚN - KHO 1 | B92: HD001523 | C92: =vlookup(B92,'Trang tính1'!AB:AB,1,0) -> HD001523 | D92: 43460.577 | E92: KH000325 | G92: 0 | H92: 500000 | I92: SP000073{DEL} | K92: 1 | L92: 700000 | M92: 200000 | N92: 500000 | O92: 500000
A93: HN - 10 HÀNG BÚN - KHO 1 | B93: HD001522 | C93: =vlookup(B93,'Trang tính1'!AB:AB,1,0) -> HD001522 | D93: 43460.574 | G93: 0 | H93: 100000 | I93: SP000011{DEL} | K93: 1 | L93: 250000 | M93: 150000 | N93: 100000 | O93: 100000
A94: HN - 10 HÀNG BÚN - KHO 1 | B94: HD001520 | C94: =vlookup(B94,'Trang tính1'!AB:AB,1,0) -> HD001520 | D94: 43460.457 | E94: KH002069 | G94: 0 | H94: 32890000 | I94: care1{DEL} | K94: 1 | L94: 1000000 | M94: 0 | N94: 1000000 | O94: 1000000
A95: HN - 10 HÀNG BÚN - KHO 1 | B95: HD001520 | C95: =vlookup(B95,'Trang tính1'!AB:AB,1,0) -> HD001520 | D95: 43460.457 | E95: KH002069 | G95: 0 | H95: 32890000 | I95: iPxsmv256 | J95: 3573240963838842 | K95: 1 | L95: 31890000 | M95: 0 | N95: 31890000 | O95: 31890000
A96: HN - 10 HÀNG BÚN - KHO 1 | B96: HD001519 | C96: =vlookup(B96,'Trang tính1'!AB:AB,1,0) -> #N/A | D96: 43459.778 | E96: KH002068 | G96: 0 | H96: 2490000 | I96: ip5sd16 | J96: 352001068660242 | K96: 1 | L96: 2490000 | M96: 0 | N96: 2490000 | O96: 2490000
A97: HN - 10 HÀNG BÚN - KHO 1 | B97: HD001519 | C97: =vlookup(B97,'Trang tính1'!AB:AB,1,0) -> #N/A | D97: 43459.778 | E97: KH002068 | G97: 0 | H97: 2490000 | I97: PHUKIENTT{DEL1} | K97: 1 | L97: 0 | M97: 0 | N97: 0 | O97: 0
A98: HN - 10 HÀNG BÚN - KHO 1 | B98: HD001518 | C98: =vlookup(B98,'Trang tính1'!AB:AB,1,0) -> HD001518 | D98: 43459.729 | E98: KH002067 | G98: 0 | H98: 31190000 | I98: SP000090 | K98: 1 | L98: 100000 | M98: 0 | N98: 100000 | O98: 100000
A99: HN - 10 HÀNG BÚN - KHO 1 | B99: HD001518 | C99: =vlookup(B99,'Trang tính1'!AB:AB,1,0) -> HD001518 | D99: 43459.729 | E99: KH002067 | G99: 0 | H99: 31190000 | I99: care1{DEL} | K99: 1 | L99: 1000000 | M99: 0 | N99: 1000000 | O99: 1000000
A100: HN - 10 HÀNG BÚN - KHO 1 | B100: HD001518 | C100: =vlookup(B100,'Trang tính1'!AB:AB,1,0) -> HD001518 | D100: 43459.729 | E100: KH002067 | G100: 0 | H100: 31190000 | I100: iPxsmt512 | J100: 357274090631375 | K100: 1 | L100: 30090000 | M100: 0 | N100: 30090000 | O100: 30090000
...

Sheet Bản sao của sheetOne
A1: Chi nhánh | B1: Mã hóa đơn | C1: Thời gian | D1: Mã khách hàng | E1: Ghi chú | F1: Giảm giá hóa đơn | G1: tổng thanh toán | H1: Mã hàng | I1: IMEI | J1: Số lượng | K1: Đơn giá | L1: Giảm giá hàng hóa | M1: Giá bán | N1: Thành tiền hàng hóa
A2: HN - 10 HÀNG BÚN - KHO 1 | B2: HD001584 | C2: 43465.836 | D2: KH002097 | F2: 0 | G2: 9000000 | H2: PHUKIENTT{DEL1} | J2: 1 | K2: 0 | L2: 0 | M2: 0 | N2: 0
A3: HN - 10 HÀNG BÚN - KHO 1 | B3: HD001584 | C3: 43465.836 | D3: KH002097 | F3: 0 | G3: 9000000 | H3: ip7ph128 | I3: 359176072121804 | J3: 1 | K3: 12990000 | L3: 3990000 | M3: 9000000 | N3: 9000000
A4: HN - 10 HÀNG BÚN - KHO 1 | B4: HD001583 | C4: 43465.816 | D4: KH002096 | F4: 0 | G4: 5190000 | H4: PHUKIENTT{DEL1} | J4: 1 | K4: 0 | L4: 0 | M4: 0 | N4: 0
A5: HN - 10 HÀNG BÚN - KHO 1 | B5: HD001583 | C5: 43465.816 | D5: KH002096 | F5: 0 | G5: 5190000 | H5: ip6pd16 | I5: 354441066237841 | J5: 1 | K5: 5590000 | L5: 400000 | M5: 5190000 | N5: 5190000
A6: HN - 10 HÀNG BÚN - KHO 1 | B6: HD001579 | C6: 43465.691 | D6: KH002094 | F6: 0 | G6: 14290000 | H6: PHUKIENTG{DEL1} | J6: 1 | K6: 0 | L6: 0 | M6: 0 | N6: 0
A7: HN - 10 HÀNG BÚN - KHO 1 | B7: HD001579 | C7: 43465.691 | D7: KH002094 | F7: 0 | G7: 14290000 | H7: 99%ip8plusSilver64 | I7: 356768089013421 | J7: 1 | K7: 15290000 | L7: 1000000 | M7: 14290000 | N7: 14290000
A8: HN - 10 HÀNG BÚN - KHO 1 | B8: HD001578 | C8: 43465.647 | D8: KH000129 | F8: 0 | G8: 6100000 | H8: PHUKIENTT{DEL1} | J8: 1 | K8: 0 | L8: 0 | M8: 0 | N8: 0
A9: HN - 10 HÀNG BÚN - KHO 1 | B9: HD001578 | C9: 43465.647 | D9: KH000129 | F9: 0 | G9: 6100000 | H9: ip7t32 | I9: 353826081535057 | J9: 1 | K9: 8190000 | L9: 2090000 | M9: 6100000 | N9: 6100000
A10: HN - 10 HÀNG BÚN - KHO 1 | B10: HD001570 | C10: 43465.462 | D10: KH002092 | F10: 200000 | G10: 16000000 | H10: PHUKIENTT{DEL1} | J10: 1 | K10: 0 | L10: 0 | M10: 0 | N10: 0
A11: HN - 10 HÀNG BÚN - KHO 1 | B11: HD001570 | C11: 43465.462 | D11: KH002092 | F11: 200000 | G11: 16000000 | H11: 99%ipxGray64 | I11: 356726083637058 | J11: 1 | K11: 16200000 | L11: 0 | M11: 16200000 | N11: 16200000
A12: HN - 10 HÀNG BÚN - KHO 1 | B12: HD001561 | C12: 43464.615 | D12: KH002090 | F12: 90000 | G12: 4000000 | H12: PHUKIENTT{DEL1} | J12: 1 | K12: 0 | L12: 0 | M12: 0 | N12: 0
A13: HN - 10 HÀNG BÚN - KHO 1 | B13: HD001561 | C13: 43464.615 | D13: KH002090 | F13: 90000 | G13: 4000000 | H13: ip6v64 | I13: 358363061768560 | J13: 1 | K13: 4390000 | L13: 300000 | M13: 4090000 | N13: 4090000
A14: HN - 10 HÀNG BÚN - KHO 1 | B14: HD001559 | C14: 43464.549 | D14: KH002088 | F14: 0 | G14: 11300000 | H14: ip7pds128 | I14: 356572081388223 | J14: 1 | K14: 13190000 | L14: 1890000 | M14: 11300000 | N14: 11300000
A15: HN - 10 HÀNG BÚN - KHO 1 | B15: HD001559 | C15: 43464.549 | D15: KH002088 | F15: 0 | G15: 11300000 | H15: PHUKIENTG{DEL1} | J15: 1 | K15: 0 | L15: 0 | M15: 0 | N15: 0
A16: HN - 10 HÀNG BÚN - KHO 1 | B16: HD001554 | C16: 43463.682 | D16: KH002084 | F16: 90000 | G16: 6900000 | H16: ip7ds128 | I16: 353826080284202 | J16: 1 | K16: 9190000 | L16: 2200000 | M16: 6990000 | N16: 6990000
A17: HN - 10 HÀNG BÚN - KHO 1 | B17: HD001554 | C17: 43463.682 | D17: KH002084 | F17: 90000 | G17: 6900000 | H17: PHUKIENTT{DEL1} | J17: 1 | K17: 0 | L17: 0 | M17: 0 | N17: 0
A18: HN - 10 HÀNG BÚN - KHO 1 | B18: HD001553 | C18: 43463.66 | D18: KH002083 | F18: 90000 | G18: 7600000 | H18: SP000028{DEL} | J18: 1 | K18: 500000 | L18: 200000 | M18: 300000 | N18: 300000
A19: HN - 10 HÀNG BÚN - KHO 1 | B19: HD001553 | C19: 43463.66 | D19: KH002083 | F19: 90000 | G19: 7600000 | H19: PHUKIENTT{DEL1} | J19: 1 | K19: 0 | L19: 0 | M19: 0 | N19: 0
A20: HN - 10 HÀNG BÚN - KHO 1 | B20: HD001553 | C20: 43463.66 | D20: KH002083 | F20: 90000 | G20: 7600000 | H20: ip6sph64 | I20: 35333107235553 | J20: 1 | K20: 8390000 | L20: 1000000 | M20: 7390000 | N20: 7390000
A21: HN - 10 HÀNG BÚN - KHO 1 | B21: HD001545 | C21: 43462.783 | D21: KH002079 | F21: 0 | G21: 14890000 | H21: PHUKIENTG{DEL1} | J21: 1 | K21: 0 | L21: 0 | M21: 0 | N21: 0
A22: HN - 10 HÀNG BÚN - KHO 1 | B22: HD001545 | C22: 43462.783 | D22: KH002079 | F22: 0 | G22: 14890000 | H22: 99%ip8plusGold64 | I22: 354834091580435 | J22: 1 | K22: 15290000 | L22: 400000 | M22: 14890000 | N22: 14890000
A23: HN - 10 HÀNG BÚN - KHO 1 | B23: HD001538 | C23: 43462.504 | D23: KH002076 | F23: 0 | G23: 16490000 | H23: PHUKIENTT{DEL1} | J23: 1 | K23: 0 | L23: 0 | M23: 0 | N23: 0
A24: HN - 10 HÀNG BÚN - KHO 1 | B24: HD001538 | C24: 43462.504 | D24: KH002076 | F24: 0 | G24: 16490000 | H24: 99%ipxSilver256cu | I24: 356726089144646 | J24: 1 | K24: 16490000 | L24: 0 | M24: 16490000 | N24: 16490000
A25: HN - 10 HÀNG BÚN - KHO 1 | B25: HD001530 | C25: 43461.711 | D25: KH002074 | F25: 200000 | G25: 11090000 | H25: ip7pds256 | I25: 355356081953231 | J25: 1 | K25: 13290000 | L25: 2000000 | M25: 11290000 | N25: 11290000
A26: HN - 10 HÀNG BÚN - KHO 1 | B26: HD001530 | C26: 43461.711 | D26: KH002074 | F26: 200000 | G26: 11090000 | H26: PHUKIENTT{DEL1} | J26: 1 | K26: 0 | L26: 0 | M26: 0 | N26: 0
A27: HN - 10 HÀNG BÚN - KHO 1 | B27: HD001526 | C27: 43460.867 | D27: KH002072 | F27: 0 | G27: 15990000 | H27: PHUKIENTT{DEL1} | J27: 1 | K27: 0 | L27: 0 | M27: 0 | N27: 0
A28: HN - 10 HÀNG BÚN - KHO 1 | B28: HD001526 | C28: 43460.867 | D28: KH002072 | F28: 0 | G28: 15990000 | H28: 99%ipxSilver64cu | I28: 359410081799346 | J28: 1 | K28: 15990000 | L28: 0 | M28: 15990000 | N28: 15990000
A29: HN - 10 HÀNG BÚN - KHO 1 | B29: HD001525 | C29: 43460.818 | D29: KH002070 | F29: 0 | G29: 11890000 | H29: PHUKIENTG{DEL1} | J29: 1 | K29: 0 | L29: 0 | M29: 0 | N29: 0
A30: HN - 10 HÀNG BÚN - KHO 1 | B30: HD001525 | C30: 43460.818 | D30: KH002070 | F30: 0 | G30: 11890000 | H30: ip7pt128 | I30: 359215071716220 | J30: 1 | K30: 12990000 | L30: 1300000 | M30: 11690000 | N30: 11690000
A31: HN - 10 HÀNG BÚN - KHO 1 | B31: HD001525 | C31: 43460.818 | D31: KH002070 | F31: 0 | G31: 11890000 | H31: Jachchuyendoi{DEL} | J31: 1 | K31: 200000 | L31: 0 | M31: 200000 | N31: 200000
A32: HN - 10 HÀNG BÚN - KHO 1 | B32: HD001524 | C32: 43460.581 | D32: KH002071 | F32: 0 | G32: 10690000 | H32: PHUKIENTG{DEL1} | J32: 1 | K32: 0 | L32: 0 | M32: 0 | N32: 0
A33: HN - 10 HÀNG BÚN - KHO 1 | B33: HD001524 | C33: 43460.581 | D33: KH002071 | F33: 0 | G33: 10690000 | H33: ip7pds32 | I33: 355375084182689 | J33: 1 | K33: 11490000 | L33: 800000 | M33: 10690000 | N33: 10690000
A34: HN - 10 HÀNG BÚN - KHO 1 | B34: HD001519 | C34: 43459.778 | D34: KH002068 | F34: 0 | G34: 2490000 | H34: ip5sd16 | I34: 352001068660242 | J34: 1 | K34: 2490000 | L34: 0 | M34: 2490000 | N34: 2490000
A35: HN - 10 HÀNG BÚN - KHO 1 | B35: HD001519 | C35: 43459.778 | D35: KH002068 | F35: 0 | G35: 2490000 | H35: PHUKIENTT{DEL1} | J35: 1 | K35: 0 | L35: 0 | M35: 0 | N35: 0
A36: HN - 10 HÀNG BÚN - KHO 1 | B36: HD001516 | C36: 43459.687 | D36: KH002066 | F36: 200000 | G36: 10490000 | H36: PHUKIENTG{DEL1} | J36: 1 | K36: 0 | L36: 0 | M36: 0 | N36: 0
A37: HN - 10 HÀNG BÚN - KHO 1 | B37: HD001516 | C37: 43459.687 | D37: KH002066 | F37: 200000 | G37: 10490000 | H37: ip7pds32 | I37: 359174074776089 | J37: 1 | K37: 11490000 | L37: 800000 | M37: 10690000 | N37: 10690000
A38: HN - 10 HÀNG BÚN - KHO 1 | B38: HD001515 | C38: 43459.677 | D38: KH002065 | F38: 0 | G38: 10700000 | H38: PHUKIENTG{DEL1} | J38: 1 | K38: 0 | L38: 0 | M38: 0 | N38: 0
A39: HN - 10 HÀNG BÚN - KHO 1 | B39: HD001515 | C39: 43459.677 | D39: KH002065 | F39: 0 | G39: 10700000 | H39: ip7pds32 | I39: 353819089012682 | J39: 1 | K39: 11490000 | L39: 790000 | M39: 10700000 | N39: 10700000
A40: HN - 10 HÀNG BÚN - KHO 1 | B40: HD001509 | C40: 43459.469 | D40: KH002063 | F40: 0 | G40: 10990000 | H40: ip7ph32 | I40: 353814080258749 | J40: 1 | K40: 11190000 | L40: 200000 | M40: 10990000 | N40: 10990000
A41: HN - 10 HÀNG BÚN - KHO 1 | B41: HD001509 | C41: 43459.469 | D41: KH002063 | F41: 0 | G41: 10990000 | H41: PHUKIENTG{DEL1} | J41: 1 | K41: 0 | L41: 0 | M41: 0 | N41: 0
A42: HN - 10 HÀNG BÚN - KHO 1 | B42: HD001500 | C42: 43457.835 | D42: KH002057 | F42: 0 | G42: 4590000 | H42: PHUKIENTG{DEL1} | J42: 1 | K42: 0 | L42: 0 | M42: 0 | N42: 0
A43: HN - 10 HÀNG BÚN - KHO 1 | B43: HD001500 | C43: 43457.835 | D43: KH002057 | F43: 0 | G43: 4590000 | H43: ip6sd16 | I43: 353253078603824 | J43: 1 | K43: 4890000 | L43: 300000 | M43: 4590000 | N43: 4590000
A44: HN - 10 HÀNG BÚN - KHO 1 | B44: HD001497 | C44: 43457.682 | D44: KH002054 | F44: 0 | G44: 3500000 | H44: PHUKIENTT{DEL1} | J44: 1 | K44: 0 | L44: 0 | M44: 0 | N44: 0
A45: HN - 10 HÀNG BÚN - KHO 1 | B45: HD001497 | C45: 43457.682 | D45: KH002054 | F45: 0 | G45: 3500000 | H45: iPadmini2wifi4G32GB | I45: 358774053580856 | J45: 1 | K45: 3500000 | L45: 0 | M45: 3500000 | N45: 3500000
A46: HN - 10 HÀNG BÚN - KHO 1 | B46: HD001496 | C46: 43457.636 | F46: 0 | G46: 100000 | H46: SP000105{DEL} | J46: 1 | K46: 100000 | L46: 0 | M46: 100000 | N46: 100000
A47: HN - 10 HÀNG BÚN - KHO 1 | B47: HD001493 | C47: 43457.629 | D47: KH002053 | F47: 0 | G47: 900000 | H47: SP000070{DEL} | J47: 1 | K47: 900000 | L47: 0 | M47: 900000 | N47: 900000
A48: HN - 10 HÀNG BÚN - KHO 1 | B48: HD001487 | C48: 43457.438 | D48: KH002049 | F48: 0 | G48: 16490000 | H48: 99%ipxSilver256cu | I48: 359407080746047 | J48: 1 | K48: 16490000 | L48: 0 | M48: 16490000 | N48: 16490000
A49: HN - 10 HÀNG BÚN - KHO 1 | B49: HD001487 | C49: 43457.438 | D49: KH002049 | F49: 0 | G49: 16490000 | H49: PHUKIENTT{DEL1} | J49: 1 | K49: 0 | L49: 0 | M49: 0 | N49: 0
A50: HN - 10 HÀNG BÚN - KHO 1 | B50: HD001485 | C50: 43456.788 | F50: 0 | G50: 100000 | H50: PHUKIENTT{DEL1} | J50: 1 | K50: 100000 | L50: 0 | M50: 100000 | N50: 100000
A51: HN - 10 HÀNG BÚN - KHO 1 | B51: HD001483 | C51: 43456.741 | D51: KH002047 | F51: 0 | G51: 8790000 | H51: PHUKIENTG{DEL1} | J51: 1 | K51: 0 | L51: 0 | M51: 0 | N51: 0
A52: HN - 10 HÀNG BÚN - KHO 1 | B52: HD001483 | C52: 43456.741 | D52: KH002047 | F52: 0 | G52: 8790000 | H52: ip6spv128 | I52: 343335074444178 | J52: 1 | K52: 8790000 | L52: 0 | M52: 8790000 | N52: 8790000
A53: HN - 10 HÀNG BÚN - KHO 1 | B53: HD001478 | C53: 43456.64 | D53: KH000168 | F53: 500000 | G53: 10500000 | H53: ip7ph128 | I53: 359219074503940 | J53: 1 | K53: 12990000 | L53: 1990000 | M53: 11000000 | N53: 11000000
A54: HN - 10 HÀNG BÚN - KHO 1 | B54: HD001478 | C54: 43456.64 | D54: KH000168 | F54: 500000 | G54: 10500000 | H54: PHUKIENTT{DEL1} | J54: 1 | K54: 0 | L54: 0 | M54: 0 | N54: 0
A55: HN - 10 HÀNG BÚN - KHO 1 | B55: HD001473 | C55: 43456.469 | D55: KH002040 | F55: 0 | G55: 13590000 | H55: PHUKIENTT{DEL1} | J55: 1 | K55: 0 | L55: 0 | M55: 0 | N55: 0
A56: HN - 10 HÀNG BÚN - KHO 1 | B56: HD001473 | C56: 43456.469 | D56: KH002040 | F56: 0 | G56: 13590000 | H56: 99%ip8PlusBlack64 | I56: 354837090980837 | J56: 1 | K56: 15290000 | L56: 1700000 | M56: 13590000 | N56: 13590000
A57: HN - 10 HÀNG BÚN - KHO 1 | B57: HD001469 | C57: 43455.581 | D57: KH002036 | F57: 0 | G57: 8500000 | H57: PHUKIENTT{DEL1} | J57: 1 | K57: 0 | L57: 0 | M57: 0 | N57: 0
A58: HN - 10 HÀNG BÚN - KHO 1 | B58: HD001469 | C58: 43455.581 | D58: KH002036 | F58: 0 | G58: 8500000 | H58: ip7ph128 | I58: 359176072121804 | J58: 1 | K58: 12990000 | L58: 4490000 | M58: 8500000 | N58: 8500000
A59: HN - 10 HÀNG BÚN - KHO 1 | B59: HD001467 | C59: 43455.549 | D59: KH002038 | F59: 0 | G59: 11700000 | H59: ip7ph128 | I59: 355840081067530 | J59: 1 | K59: 12990000 | L59: 1290000 | M59: 11700000 | N59: 11700000
A60: HN - 10 HÀNG BÚN - KHO 1 | B60: HD001467 | C60: 43455.549 | D60: KH002038 | F60: 0 | G60: 11700000 | H60: PHUKIENTG{DEL1} | J60: 1 | K60: 0 | L60: 0 | M60: 0 | N60: 0
A61: HN - 10 HÀNG BÚN - KHO 1 | B61: HD001466 | C61: 43455.544 | D61: KH002037 | F61: 0 | G61: 10999000 | H61: PHUKIENTT{DEL1} | J61: 1 | K61: 0 | L61: 0 | M61: 0 | N61: 0
A62: HN - 10 HÀNG BÚN - KHO 1 | B62: HD001466 | C62: 43455.544 | D62: KH002037 | F62: 0 | G62: 10999000 | H62: ip7pt128 | I62: 359128070865270 | J62: 1 | K62: 12990000 | L62: 1991000 | M62: 10999000 | N62: 10999000
A63: HN - 10 HÀNG BÚN - KHO 1 | B63: HD001460 | C63: 43453.802 | D63: KH002032 | F63: 0 | G63: 7790000 | H63: ip6spt16 | I63: 353331076079146 | J63: 1 | K63: 7790000 | L63: 0 | M63: 7790000 | N63: 7790000
A64: HN - 10 HÀNG BÚN - KHO 1 | B64: HD001460 | C64: 43453.802 | D64: KH002032 | F64: 0 | G64: 7790000 | H64: PHUKIENTG{DEL1} | J64: 1 | K64: 0 | L64: 0 | M64: 0 | N64: 0
A65: HN - 10 HÀNG BÚN - KHO 1 | B65: HD001459 | C65: 43453.787 | F65: 0 | G65: 500000 | H65: SP000008{DEL} | J65: 1 | K65: 250000 | L65: 0 | M65: 250000 | N65: 250000
A66: HN - 10 HÀNG BÚN - KHO 1 | B66: HD001459 | C66: 43453.787 | F66: 0 | G66: 500000 | H66: SP000025{DEL} | J66: 1 | K66: 250000 | L66: 0 | M66: 250000 | N66: 250000
A67: HN - 10 HÀNG BÚN - KHO 1 | B67: HD001455 | C67: 43452.761 | D67: KH002027 | F67: 290000 | G67: 10000000 | H67: ip7pds256 | I67: 353810087695834 | J67: 1 | K67: 13290000 | L67: 3000000 | M67: 10290000 | N67: 10290000
A68: HN - 10 HÀNG BÚN - KHO 1 | B68: HD001455 | C68: 43452.761 | D68: KH002027 | F68: 290000 | G68: 10000000 | H68: PHUKIENTT{DEL1} | J68: 1 | K68: 0 | L68: 0 | M68: 0 | N68: 0
A69: HN - 10 HÀNG BÚN - KHO 1 | B69: HD001454 | C69: 43452.76 | D69: KH002026 | F69: 290000 | G69: 9700000 | H69: ip7ph32 | I69: 359179070927701 | J69: 1 | K69: 11190000 | L69: 1200000 | M69: 9990000 | N69: 9990000
A70: HN - 10 HÀNG BÚN - KHO 1 | B70: HD001454 | C70: 43452.76 | D70: KH002026 | F70: 290000 | G70: 9700000 | H70: PHUKIENTT{DEL1} | J70: 1 | K70: 0 | L70: 0 | M70: 0 | N70: 0
A71: HN - 10 HÀNG BÚN - KHO 1 | B71: HD001452 | C71: 43452.457 | D71: KH002025 | F71: 0 | G71: 10990000 | H71: PHUKIENTT{DEL1} | J71: 1 | K71: 0 | L71: 0 | M71: 0 | N71: 0
A72: HN - 10 HÀNG BÚN - KHO 1 | B72: HD001452 | C72: 43452.457 | D72: KH002025 | F72: 0 | G72: 10990000 | H72: ip7pds128 | I72: 355349084742149 | J72: 1 | K72: 13190000 | L72: 2200000 | M72: 10990000 | N72: 10990000
A73: HN - 10 HÀNG BÚN - KHO 1 | B73: HD001449 | C73: 43451.797 | D73: KH002022 | F73: 0 | G73: 15190000 | H73: PHUKIENTG{DEL1} | J73: 1 | K73: 0 | L73: 0 | M73: 0 | N73: 0
A74: HN - 10 HÀNG BÚN - KHO 1 | B74: HD001449 | C74: 43451.797 | D74: KH002022 | F74: 0 | G74: 15190000 | H74: 99%ip8plusSilver64 | I74: 356115092824198 | J74: 1 | K74: 15290000 | L74: 100000 | M74: 15190000 | N74: 15190000
A75: HN - 10 HÀNG BÚN - KHO 1 | B75: HD001446 | C75: 43451.682 | D75: KH002019 | F75: 100000 | G75: 17890000 | H75: SP000028{DEL} | J75: 1 | K75: 500000 | L75: 0 | M75: 500000 | N75: 500000
A76: HN - 10 HÀNG BÚN - KHO 1 | B76: HD001446 | C76: 43451.682 | D76: KH002019 | F76: 100000 | G76: 17890000 | H76: PHUKIENTT{DEL1} | J76: 1 | K76: 0 | L76: 0 | M76: 0 | N76: 0
A77: HN - 10 HÀNG BÚN - KHO 1 | B77: HD001446 | C77: 43451.682 | D77: KH002019 | F77: 100000 | G77: 17890000 | H77: ipxd256cu | I77: 359403080328928 | J77: 1 | K77: 17490000 | L77: 0 | M77: 17490000 | N77: 17490000
A78: HN - 10 HÀNG BÚN - KHO 1 | B78: HD001445 | C78: 43451.624 | D78: KH002018 | F78: 0 | G78: 12490000 | H78: PHUKIENTG{DEL1} | J78: 1 | K78: 0 | L78: 0 | M78: 0 | N78: 0
A79: HN - 10 HÀNG BÚN - KHO 1 | B79: HD001445 | C79: 43451.624 | D79: KH002018 | F79: 0 | G79: 12490000 | H79: ip7pd128gb | I79: 355838086666306 | J79: 1 | K79: 13490000 | L79: 1000000 | M79: 12490000 | N79: 12490000
A80: HN - 10 HÀNG BÚN - KHO 1 | B80: HD001444 | C80: 43451.621 | D80: KH002017 | F80: 0 | G80: 13990000 | H80: PHUKIENTT{DEL1} | J80: 1 | K80: 0 | L80: 0 | M80: 0 | N80: 0
A81: HN - 10 HÀNG BÚN - KHO 1 | B81: HD001444 | C81: 43451.621 | D81: KH002017 | F81: 0 | G81: 13990000 | H81: 99%ip8PlusBlack64 | I81: 356709089946640 | J81: 1 | K81: 15290000 | L81: 1300000 | M81: 13990000 | N81: 13990000
A82: HN - 10 HÀNG BÚN - KHO 1 | B82: HD001442 | C82: 43451.588 | D82: KH002016 | F82: 0 | G82: 10690000 | H82: PHUKIENTG{DEL1} | J82: 1 | K82: 0 | L82: 0 | M82: 0 | N82: 0
A83: HN - 10 HÀNG BÚN - KHO 1 | B83: HD001442 | C83: 43451.588 | D83: KH002016 | F83: 0 | G83: 10690000 | H83: ip7pds128 | I83: 353814085489158 | J83: 1 | K83: 13190000 | L83: 2500000 | M83: 10690000 | N83: 10690000
A84: HN - 10 HÀNG BÚN - KHO 1 | B84: HD001441 | C84: 43451.54 | D84: KH002015 | F84: 0 | G84: 10990000 | H84: PHUKIENTG{DEL1} | J84: 1 | K84: 0 | L84: 0 | M84: 0 | N84: 0
A85: HN - 10 HÀNG BÚN - KHO 1 | B85: HD001441 | C85: 43451.54 | D85: KH002015 | F85: 0 | G85: 10990000 | H85: ip7pds32 | I85: 359177076902439 | J85: 1 | K85: 11490000 | L85: 500000 | M85: 10990000 | N85: 10990000
A86: HN - 10 HÀNG BÚN - KHO 1 | B86: HD001440 | C86: 43451.518 | D86: KH002014 | F86: 0 | G86: 14190000 | H86: 99%ip8plusGold64 | I86: 356775087637036 | J86: 1 | K86: 15290000 | L86: 1100000 | M86: 14190000 | N86: 14190000
A87: HN - 10 HÀNG BÚN - KHO 1 | B87: HD001440 | C87: 43451.518 | D87: KH002014 | F87: 0 | G87: 14190000 | H87: PHUKIENTT{DEL1} | J87: 1 | K87: 0 | L87: 0 | M87: 0 | N87: 0
A88: HN - 10 HÀNG BÚN - KHO 1 | B88: HD001439 | C88: 43451.485 | D88: KH002013 | F88: 0 | G88: 16300000 | H88: 99%ipxSilver256cu | I88: 356723087037492 | J88: 1 | K88: 16300000 | L88: 0 | M88: 16300000 | N88: 16300000
A89: HN - 10 HÀNG BÚN - KHO 1 | B89: HD001439 | C89: 43451.485 | D89: KH002013 | F89: 0 | G89: 16300000 | H89: PHUKIENTT{DEL1} | J89: 1 | K89: 0 | L89: 0 | M89: 0 | N89: 0
A90: HN - 10 HÀNG BÚN - KHO 1 | B90: HD001437 | C90: 43451.45 | D90: KH002012 | F90: 0 | G90: 3500000 | H90: PHUKIENTT{DEL1} | J90: 1 | K90: 0 | L90: 0 | M90: 0 | N90: 0
A91: HN - 10 HÀNG BÚN - KHO 1 | B91: HD001437 | C91: 43451.45 | D91: KH002012 | F91: 0 | G91: 3500000 | H91: ip5se | I91: 356603081640907 | J91: 1 | K91: 3500000 | L91: 0 | M91: 3500000 | N91: 3500000
A92: HN - 10 HÀNG BÚN - KHO 1 | B92: HD001434 | C92: 43450.718 | D92: KH002011 | F92: 0 | G92: 8090000 | H92: ip7pds32 | I92: 359180070769986 | J92: 1 | K92: 11490000 | L92: 3400000 | M92: 8090000 | N92: 8090000
A93: HN - 10 HÀNG BÚN - KHO 1 | B93: HD001434 | C93: 43450.718 | D93: KH002011 | F93: 0 | G93: 8090000 | H93: PHUKIENTT{DEL1} | J93: 1 | K93: 0 | L93: 0 | M93: 0 | N93: 0
A94: HN - 10 HÀNG BÚN - KHO 1 | B94: HD001432 | C94: 43450.675 | D94: KH002010 | F94: 200000 | G94: 9790000 | H94: PHUKIENTT{DEL1} | J94: 1 | K94: 0 | L94: 0 | M94: 0 | N94: 0
A95: HN - 10 HÀNG BÚN - KHO 1 | B95: HD001432 | C95: 43450.675 | D95: KH002010 | F95: 200000 | G95: 9790000 | H95: ip7ph32 | I95: 356569084483548 | J95: 1 | K95: 11190000 | L95: 1200000 | M95: 9990000 | N95: 9990000
A96: HN - 10 HÀNG BÚN - KHO 1 | B96: HD001430 | C96: 43450.651 | D96: KH002008 | F96: 0 | G96: 10690000 | H96: PHUKIENTG{DEL1} | J96: 1 | K96: 0 | L96: 0 | M96: 0 | N96: 0
A97: HN - 10 HÀNG BÚN - KHO 1 | B97: HD001430 | C97: 43450.651 | D97: KH002008 | F97: 0 | G97: 10690000 | H97: ip7pds32 | I97: 355355084303568 | J97: 1 | K97: 11490000 | L97: 800000 | M97: 10690000 | N97: 10690000
A98: HN - 10 HÀNG BÚN - KHO 1 | B98: HD001428 | C98: 43450.604 | D98: KH002007 | F98: 0 | G98: 14590000 | H98: PHUKIENTT{DEL1} | J98: 1 | K98: 0 | L98: 0 | M98: 0 | N98: 0
A99: HN - 10 HÀNG BÚN - KHO 1 | B99: HD001428 | C99: 43450.604 | D99: KH002007 | F99: 0 | G99: 14590000 | H99: 99%ip8PlusRed64 | I99: 352977099267174 | J99: 1 | K99: 16000000 | L99: 1410000 | M99: 14590000 | N99: 14590000
A100: HN - 10 HÀNG BÚN - KHO 1 | B100: HD001426 | C100: 43450.535 | D100: KH002006 | F100: 0 | G100: 6290000 | H100: PHUKIENTT{DEL1} | J100: 1 | K100: 0 | L100: 0 | M100: 0 | N100: 0
...

Sheet Trang tính1
A1: 43286.646 | B1: 43286.646 | C1: 10HB-2503016510 | D1: IPADMINID32 | E1: IPadmini | F1: iPad>>IPad | G1: Chiếc | J1: 358774053580856 | K1: 1 | L1: 5000000 | M1: 5000000 | N1: 0 | O1: 5000000 | Y1: 10HB | Z1: HN - 10 HÀNG BÚN - KHO 1 | AB1: HD000067
A2: 43286.646 | B2: 43286.646 | C2: 10HB-2503016509 | D2: IP8PDO64NEW | E2: iphone 8-plus - đỏ - 64gb - new | G2: Chiếc | J2: 353011099532905 | K2: 1 | L2: 19590000 | M2: 19590000 | N2: 290000 | O2: 19300000 | R2: KH000946 | S2: Anh Sang | U2: 0968333332 | Y2: 10HB | Z2: HN - 10 HÀNG BÚN - KHO 1 | AB2: HD000068
A3: 43286.648 | B3: 43286.648 | C3: 10HB-2503016507 | D3: 99%IP8PLUSGOLD256 | E3: iPhone 8 Plus 256 Gold Cũ - vàng - 256gb | G3: Chiếc | J3: 353009099091641 | K3: 1 | L3: 21500000 | M3: 21500000 | N3: 0 | O3: 21500000 | Y3: 10HB | Z3: HN - 10 HÀNG BÚN - KHO 1 | AB3: HD000070
A4: 43286.648 | B4: 43286.648 | C4: 10HB-2503016506 | D4: IPXT256NEW | E4: iphone x - trắng - 256gb - new | G4: Chiếc | J4: 354870090470699 | K4: 1 | L4: 26990000 | M4: 26990000 | N4: 0 | O4: 26990000 | R4: KH001171 | S4: Anh Tuấn bạn (A thanh Kevin) | U4: 0946969999 | Y4: 10HB | Z4: HN - 10 HÀNG BÚN - KHO 1 | AB4: HD000071
A5: 43286.649 | B5: 43286.649 | C5: 10HB-2503016504 | D5: JACHCHUYENDOI{DEL} | E5: Jach chuyển | G5: Chiếc | K5: 1 | L5: 150000 | M5: 150000 | N5: 0 | O5: 150000 | R5: 0328800347 | S5: Nguyễn Văn Long | U5: 0328800347 | Y5: 10HB | Z5: HN - 10 HÀNG BÚN - KHO 1 | AB5: HD000073
A6: 43286.651 | B6: 43286.651 | C6: 10HB-2503016503 | D6: SP000003{DEL} | E6: Sửa iPhone 6 | G6: Chiếc | K6: 1 | L6: 1600000 | M6: 1600000 | N6: 0 | O6: 1600000 | R6: KH001173 | S6: Anh Quân | U6: 0989378895 | Y6: 10HB | Z6: HN - 10 HÀNG BÚN - KHO 1 | AB6: HD000075
A7: 43286.654 | B7: 43286.654 | C7: 10HB-2503016502 | D7: IP6PD16 | E7: iphone 6 plus | F7: iPhone 6 | G7: Chiếc | J7: 354388060331726 | K7: 1 | L7: 5390000 | M7: 5390000 | N7: 490000 | O7: 4900000 | Y7: 10HB | Z7: HN - 10 HÀNG BÚN - KHO 1 | AB7: HD000076
A8: 43286.658 | B8: 43286.658 | C8: 10HB-2503016496 | D8: CUSAC ZIN{DEL} | E8: Củ Sạc Zin | G8: Chiếc | K8: 1 | L8: 250000 | M8: 250000 | N8: 0 | O8: 250000 | R8: 0328800347 | S8: Nguyễn Văn Long | U8: 0328800347 | Y8: 10HB | Z8: HN - 10 HÀNG BÚN - KHO 1 | AB8: HD000083
A9: 43286.658 | B9: 43286.658 | C9: 10HB-2503016496 | D9: DAYSAC{DEL} | E9: Dây Sạc | G9: Chiếc | K9: 1 | L9: 100000 | M9: 100000 | N9: 0 | O9: 100000 | R9: 0328800347 | S9: Nguyễn Văn Long | U9: 0328800347 | Y9: 10HB | Z9: HN - 10 HÀNG BÚN - KHO 1 | AB9: HD000083
A10: 43286.66 | B10: 43286.66 | C10: 10HB-2503016494 | D10: CHAYPHANMEEM | E10: Chạy Phần Mềm | G10: Chiếc | K10: 1 | L10: 200000 | M10: 200000 | N10: 0 | O10: 200000 | R10: 0328800347 | S10: Nguyễn Văn Long | U10: 0328800347 | Y10: 10HB | Z10: HN - 10 HÀNG BÚN - KHO 1 | AB10: HD000085
A11: 43286.661 | B11: 43286.661 | C11: 10HB-2503016493 | D11: IP7PV128CPO{DEL} | E11: iPhone 7 Plus CPO - vàng - 128gb | G11: Chiếc | J11: 359469083724538 | K11: 1 | L11: 17000000 | M11: 17000000 | N11: 0 | O11: 17000000 | R11: KH001177 | S11: Anh Thắng | U11: 0329312516 | Y11: 10HB | Z11: HN - 10 HÀNG BÚN - KHO 1 | AB11: HD000086
A12: 43286.661 | B12: 43286.661 | C12: 10HB-2503016492 | D12: IP7PT32 | E12: iphone 7 plus | F12: iPhone 7 | G12: Chiếc | J12: 353820083101018 | K12: 1 | L12: 11390000 | M12: 11390000 | N12: 790000 | O12: 10600000 | Y12: 10HB | Z12: HN - 10 HÀNG BÚN - KHO 1 | AB12: HD000087
A13: 43286.663 | B13: 43286.663 | C13: 10HB-2503016489 | D13: IP7PH128CPO{DEL} | E13: iPhone 7 Plus CPO - hồng - 128gb | G13: Chiếc | J13: 356694089011241 | K13: 1 | L13: 16300000 | M13: 16300000 | N13: 0 | O13: 16300000 | R13: KH000102 | S13: Altis Anh Duy | U13: 0988099965 | Y13: 10HB | Z13: HN - 10 HÀNG BÚN - KHO 1 | AB13: HD000090
A14: 43286.751 | B14: 43286.751 | C14: 10HB-2503016486 | D14: SP000009{DEL} | E14: PIN iP5s | G14: Chiếc | K14: 1 | L14: 300000 | M14: 300000 | N14: 0 | O14: 300000 | R14: KH001179 | S14: Chị Giang | U14: 0945359397 | Y14: 10HB | Z14: HN - 10 HÀNG BÚN - KHO 1 | AB14: HD000095
A15: 43286.849 | B15: 43286.849 | C15: 10HB-2503016483 | D15: SP000007{DEL} | E15: PIN iP6s Plus | G15: Chiếc | K15: 7 | L15: 0 | M15: 0 | N15: 0 | O15: 0 | R15: KH001182 | S15: Thay pin ( 7 cây 6splus ) 111111 | U15: 0900000036 | Y15: 10HB | Z15: HN - 10 HÀNG BÚN - KHO 1 | AB15: HD000099
A16: 43287.449 | B16: 43287.449 | C16: 10HB-2503016481 | D16: SP000011{DEL} | E16: Sửa Home iP6 Plus | G16: Chiếc | K16: 1 | L16: 250000 | M16: 250000 | N16: 0 | O16: 250000 | R16: KH000945 | S16: Cô Huế ( Người Nhà A Táo ). | U16: 0983938229 | Y16: 10HB | Z16: HN - 10 HÀNG BÚN - KHO 1 | AB16: HD000101
A17: 43287.473 | B17: 43287.473 | C17: 10HB-2503016480 | D17: SP000005{DEL} | E17: PIN iP6s | G17: Chiếc | K17: 1 | L17: 350000 | M17: 350000 | N17: 0 | O17: 350000 | R17: KH001184 | S17: Bạn Cương | U17: 0974792228 | Y17: 10HB | Z17: HN - 10 HÀNG BÚN - KHO 1 | AA17: imel : 447313 | AB17: HD000102
A18: 43287.735 | B18: 43287.735 | C18: 10HB-2503016475 | D18: DAYSAC{DEL} | E18: Dây Sạc | G18: Chiếc | K18: 1 | L18: 100000 | M18: 100000 | N18: 0 | O18: 100000 | R18: 0328800347 | S18: Nguyễn Văn Long | U18: 0328800347 | Y18: 10HB | Z18: HN - 10 HÀNG BÚN - KHO 1 | AB18: HD000108
A19: 43288.514 | B19: 43288.514 | C19: 10HB-2503016472 | D19: IP7DS128 | E19: iphone 7 | F19: iPhone 7 | G19: Chiếc | J19: 359162074860565 | K19: 1 | L19: 9990000 | M19: 9990000 | N19: 1690000 | O19: 8300000 | R19: KH000454 | S19: A Hải | U19: 0906051443 | Y19: 10HB | Z19: HN - 10 HÀNG BÚN - KHO 1 | AB19: HD000112
A20: 43288.609 | B20: 43288.609 | C20: 10HB-2503016471 | D20: 99%IPXSILVER256CU | E20: iPhone X 256 Silver Cũ | F20: iPhone Cũ 99% | G20: Chiếc | J20: 353046094337421 | K20: 1 | L20: 20500000 | M20: 20500000 | N20: 0 | O20: 20500000 | Y20: 10HB | Z20: HN - 10 HÀNG BÚN - KHO 1 | AB20: HD000113
A21: 43288.631 | B21: 43288.631 | C21: 10HB-2503016470 | D21: IPXD64NEW | E21: iphone x - đen - 64gb - new | G21: Chiếc | J21: 353043092464943 | K21: 1 | L21: 25000000 | M21: 25000000 | N21: 0 | O21: 25000000 | R21: KH001293 | S21: (VIP) Anh Khôi( Chồng Chị Lan Hair). | U21: 0902188888 | Y21: 10HB | Z21: HN - 10 HÀNG BÚN - KHO 1 | AB21: HD000114
A22: 43288.812 | B22: 43288.812 | C22: 10HB-2503016469 | D22: IPADMINI2WIFI4G16GB | E22: iPadmini | F22: iPad>>IPad | G22: Chiếc | J22: 358775053081639 | K22: 1 | L22: 3500000 | M22: 3500000 | N22: 0 | O22: 3500000 | R22: KH001294 | S22: Chị Tuyết | U22: 0904780242 | Y22: 10HB | Z22: HN - 10 HÀNG BÚN - KHO 1 | AB22: HD000115
A23: 43289.487 | B23: 43289.487 | C23: 10HB-2503016467 | D23: IP7DS128 | E23: iphone 7 | F23: iPhone 7 | G23: Chiếc | J23: 353922082729591 | K23: 1 | L23: 9990000 | M23: 9990000 | N23: 1890000 | O23: 8100000 | Y23: 10HB | Z23: HN - 10 HÀNG BÚN - KHO 1 | AB23: HD000118
A24: 43289.494 | B24: 43289.494 | C24: 10HB-2503016466 | D24: SP000013{DEL} | E24: Thay Man iP6 | G24: Chiếc | K24: 1 | L24: 900000 | M24: 900000 | N24: 0 | O24: 900000 | R24: 0328800347 | S24: Nguyễn Văn Long | U24: 0328800347 | Y24: 10HB | Z24: HN - 10 HÀNG BÚN - KHO 1 | AB24: HD000119
A25: 43290.468 | B25: 43290.468 | C25: 10HB-2503016465 | D25: IPXT256NEW | E25: iphone x - trắng - 256gb - new | G25: Chiếc | J25: 359407089783892 | K25: 1 | L25: 27400000 | M25: 27400000 | N25: 100000 | O25: 27300000 | R25: KH001296 | S25: Chị Nguyễn Thanh Hằng | U25: 0328352861 | Y25: 10HB | Z25: HN - 10 HÀNG BÚN - KHO 1 | AB25: HD000121
A26: 43290.682 | B26: 43290.682 | C26: 10HB-2503016462 | D26: SP000014{DEL} | E26: ipad mini 4 | G26: Chiếc | J26: 359275065669223 | K26: 1 | L26: 10000000 | M26: 10000000 | N26: 0 | O26: 10000000 | R26: KH001299 | S26: Anh Hiếu | U26: 0966956886 | Y26: 10HB | Z26: HN - 10 HÀNG BÚN - KHO 1 | AB26: HD000124
A27: 43290.714 | B27: 43290.714 | C27: 10HB-2503016461 | D27: SP000011{DEL} | E27: Sửa Home iP6 Plus | G27: Chiếc | K27: 1 | L27: 250000 | M27: 250000 | N27: 0 | O27: 250000 | R27: 0328800347 | S27: Nguyễn Văn Long | U27: 0328800347 | Y27: 10HB | Z27: HN - 10 HÀNG BÚN - KHO 1 | AB27: HD000126
A28: 43290.754 | B28: 43290.754 | C28: 10HB-2503016460 | D28: IP6PD16 | E28: iphone 6 plus | F28: iPhone 6 | G28: Chiếc | J28: 354391063420546 | K28: 1 | L28: 5490000 | M28: 5490000 | N28: 590000 | O28: 4900000 | R28: 0328800347 | S28: Nguyễn Văn Long | U28: 0328800347 | Y28: 10HB | Z28: HN - 10 HÀNG BÚN - KHO 1 | AB28: HD000127
A29: 43290.754 | B29: 43290.754 | C29: 10HB-2503016460 | D29: IP6SPH64 | E29: iphone 6s plus | F29: iPhone 6s | G29: Chiếc | J29: 353297070632497 | K29: 1 | L29: 8390000 | M29: 8390000 | N29: 890000 | O29: 7500000 | R29: 0328800347 | S29: Nguyễn Văn Long | U29: 0328800347 | Y29: 10HB | Z29: HN - 10 HÀNG BÚN - KHO 1 | AB29: HD000127
A30: 43290.805 | B30: 43290.805 | C30: 10HB-2503016459 | D30: SP000014{DEL} | E30: ipad mini 4 | G30: Chiếc | J30: 354996070966768 | K30: 1 | L30: 10000000 | M30: 10000000 | N30: 0 | O30: 10000000 | R30: KH001300 | S30: Anh Dũng | U30: 0949813888 | Y30: 10HB | Z30: HN - 10 HÀNG BÚN - KHO 1 | AB30: HD000128
A31: 43290.812 | B31: 43290.812 | C31: 10HB-2503016458 | D31: IP6PT16 | E31: iphone 6 plus | F31: iPhone 6 | G31: Chiếc | J31: 352066062795047 | K31: 1 | L31: 5490000 | M31: 5490000 | N31: 290000 | O31: 5200000 | R31: KH001301 | S31: Em Trang | U31: 0915079717 | Y31: 10HB | Z31: HN - 10 HÀNG BÚN - KHO 1 | AB31: HD000129
A32: 43290.826 | B32: 43290.826 | C32: 10HB-2503016457 | D32: IP7PT128 | E32: iphone 7 plus | F32: iPhone 7 | G32: Chiếc | J32: 355346085187522 | K32: 1 | L32: 12990000 | M32: 12990000 | N32: 690000 | O32: 12300000 | Y32: 10HB | Z32: HN - 10 HÀNG BÚN - KHO 1 | AB32: HD000130
A33: 43290.882 | B33: 43290.882 | C33: 10HB-2503016456 | D33: 99%IPXGRAY64 | E33: iPhone X 64 Gray Cũ | F33: iPhone Cũ 99% | G33: Chiếc | J33: 353039098943310 | K33: 1 | L33: 21000000 | M33: 21000000 | N33: 0 | O33: 21000000 | R33: KH001302 | S33: Em Việt | U33: 0822982899 | Y33: 10HB | Z33: HN - 10 HÀNG BÚN - KHO 1 | AB33: HD000131
A34: 43291.484 | B34: 43291.484 | C34: 10HB-2503016455 | D34: SP000016{DEL} | E34: Thay Màn iPhone 6 Plus | G34: Chiếc | K34: 1 | L34: 1500000 | M34: 1500000 | N34: 0 | O34: 1500000 | R34: KH001303 | S34: Anh Quốc | U34: 0852299442 | Y34: 10HB | Z34: HN - 10 HÀNG BÚN - KHO 1 | AB34: HD000133
A35: 43291.57 | B35: 43291.57 | C35: 10HB-2503016454 | D35: IP8PDO64NEW | E35: iphone 8-plus - đỏ - 64gb - new | G35: Chiếc | J35: 353011099435802 | K35: 1 | L35: 19590000 | M35: 19590000 | N35: 5390000 | O35: 14200000 | Y35: 10HB | Z35: HN - 10 HÀNG BÚN - KHO 1 | AB35: HD000134
A36: 43291.648 | B36: 43291.648 | C36: 10HB-2503016453 | D36: IP8PDO64NEW | E36: iphone 8-plus - đỏ - 64gb - new | G36: Chiếc | J36: 353011099443798 | K36: 1 | L36: 19590000 | M36: 19590000 | N36: 5190000 | O36: 14400000 | Y36: 10HB | Z36: HN - 10 HÀNG BÚN - KHO 1 | AB36: HD000135
A37: 43291.743 | B37: 43291.743 | C37: 10HB-2503016452 | D37: SP000017{DEL} | E37: Ép kính iPhone 6s | G37: Chiếc | K37: 1 | L37: 400000 | M37: 400000 | N37: 0 | O37: 400000 | R37: 0328800347 | S37: Nguyễn Văn Long | U37: 0328800347 | Y37: 10HB | Z37: HN - 10 HÀNG BÚN - KHO 1 | AB37: HD000136
A38: 43291.804 | B38: 43291.804 | C38: 10HB-2503016451 | D38: IP6PV128 | E38: iphone 6 plus | F38: iPhone 6 | G38: Chiếc | J38: 352066065579273 | K38: 1 | L38: 6990000 | M38: 6990000 | N38: 490000 | O38: 6500000 | R38: KH001301 | S38: Em Trang | U38: 0915079717 | Y38: 10HB | Z38: HN - 10 HÀNG BÚN - KHO 1 | AB38: HDD_TH000006
A39: 43291.808 | B39: 43291.808 | C39: 10HB-2503016450 | D39: IP6D16 | E39: iphone 6 | F39: iPhone 6 | G39: Chiếc | J39: 355403071751454 | K39: 1 | L39: 3990000 | M39: 3990000 | N39: 290000 | O39: 3700000 | R39: KH001304 | S39: Em Tùng | U39: 0989226529 | Y39: 10HB | Z39: HN - 10 HÀNG BÚN - KHO 1 | AB39: HD000138
A40: 43291.826 | B40: 43291.826 | C40: 10HB-2503016448 | D40: 99%IPXGRAY256CU | E40: iPhone X 256 Gray Cũ | F40: iPhone Cũ 99% | G40: Chiếc | J40: 353042098037661 | K40: 1 | L40: 27000000 | M40: 27000000 | N40: 0 | O40: 27000000 | R40: KH000097 | S40: (VIP) Anh Tuấn ( Chất ) | U40: 0932558888 | Y40: 10HB | Z40: HN - 10 HÀNG BÚN - KHO 1 | AB40: HD000140
A41: 43292.822 | B41: 43292.822 | C41: 10HB-2503016441 | D41: IP6SPD16 | E41: iphone 6s plus | F41: iPhone 6s | G41: Chiếc | J41: 353286079320295 | K41: 1 | L41: 6990000 | M41: 6990000 | N41: 790000 | O41: 6200000 | R41: 0328800347 | S41: Nguyễn Văn Long | U41: 0328800347 | Y41: 10HB | Z41: HN - 10 HÀNG BÚN - KHO 1 | AB41: HD000149
A42: 43294.743 | B42: 43294.743 | C42: 10HB-2503016436 | D42: SP000013{DEL} | E42: Thay Man iP6 | G42: Chiếc | K42: 1 | L42: 900000 | M42: 900000 | N42: 0 | O42: 900000 | R42: 0328800347 | S42: Nguyễn Văn Long | U42: 0328800347 | Y42: 10HB | Z42: HN - 10 HÀNG BÚN - KHO 1 | AB42: HD000157
A43: 43295.447 | B43: 43295.447 | C43: 10HB-2503016434 | D43: SP000029{DEL} | E43: Cáp Zin 1m | G43: Chiếc | K43: 1 | L43: 300000 | M43: 300000 | N43: 0 | O43: 300000 | R43: 0328800347 | S43: Nguyễn Văn Long | U43: 0328800347 | Y43: 10HB | Z43: HN - 10 HÀNG BÚN - KHO 1 | AB43: HD000159
A44: 43295.644 | B44: 43295.644 | C44: 10HB-2503016430 | D44: DAYSAC{DEL} | E44: Dây Sạc | G44: Chiếc | K44: 1 | L44: 100000 | M44: 100000 | N44: 0 | O44: 100000 | R44: 0328800347 | S44: Nguyễn Văn Long | U44: 0328800347 | Y44: 10HB | Z44: HN - 10 HÀNG BÚN - KHO 1 | AB44: HD000163
A45: 43295.739 | B45: 43295.739 | C45: 10HB-2503016429 | D45: 99%IP8PLUSGOLD64 | E45: iPhone 8 Plus 64 Gold Cũ - vàng - 64gb | G45: Chiếc | J45: 356708081474023 | K45: 1 | L45: 16290000 | M45: 16290000 | N45: 490000 | O45: 15800000 | Y45: 10HB | Z45: HN - 10 HÀNG BÚN - KHO 1 | AB45: HD000164
A46: 43296.581 | B46: 43296.581 | C46: 10HB-2503016425 | D46: IP6PT16 | E46: iphone 6 plus | F46: iPhone 6 | G46: Chiếc | J46: 354386062805614 | K46: 1 | L46: 5490000 | M46: 5490000 | N46: 590000 | O46: 4900000 | Y46: 10HB | Z46: HN - 10 HÀNG BÚN - KHO 1 | AB46: HD000168
A47: 43296.791 | B47: 43296.791 | C47: 10HB-2503016423 | D47: IPXD64NEW | E47: iphone x - đen - 64gb - new | G47: Chiếc | J47: 354851093544433 | K47: 1 | L47: 23990000 | M47: 23990000 | N47: 0 | O47: 23990000 | R47: KH001320 | S47: em hằng | U47: 0976944060 | Y47: 10HB | Z47: HN - 10 HÀNG BÚN - KHO 1 | AB47: HD000170
A48: 43297.56 | B48: 43297.56 | C48: 10HB-2503016417 | D48: SP000028{DEL} | E48: Tai Nghe Bóc Máy 7 Plus | G48: Chiếc | K48: 2 | L48: 500000 | M48: 1000000 | N48: 0 | O48: 1000000 | R48: 0328800347 | S48: Nguyễn Văn Long | U48: 0328800347 | Y48: 10HB | Z48: HN - 10 HÀNG BÚN - KHO 1 | AB48: HD000175
A49: 43297.702 | B49: 43297.702 | C49: 10HB-2503016415 | D49: CUSAC{DEL} | E49: Củ Sạc | G49: Chiếc | K49: 1 | L49: 100000 | M49: 100000 | N49: 0 | O49: 100000 | R49: 0328800347 | S49: Nguyễn Văn Long | U49: 0328800347 | Y49: 10HB | Z49: HN - 10 HÀNG BÚN - KHO 1 | AB49: HD000178
A50: 43297.702 | B50: 43297.702 | C50: 10HB-2503016415 | D50: DAYSAC{DEL} | E50: Dây Sạc | G50: Chiếc | K50: 1 | L50: 100000 | M50: 100000 | N50: 0 | O50: 100000 | R50: 0328800347 | S50: Nguyễn Văn Long | U50: 0328800347 | Y50: 10HB | Z50: HN - 10 HÀNG BÚN - KHO 1 | AB50: HD000178
A51: 43297.726 | B51: 43297.726 | C51: 10HB-2503016414 | D51: SP000028{DEL} | E51: Tai Nghe Bóc Máy 7 Plus | G51: Chiếc | K51: 1 | L51: 500000 | M51: 500000 | N51: 0 | O51: 500000 | R51: 0328800347 | S51: Nguyễn Văn Long | U51: 0328800347 | Y51: 10HB | Z51: HN - 10 HÀNG BÚN - KHO 1 | AB51: HD000179
A52: 43297.77 | B52: 43297.77 | C52: 10HB-2503016413 | D52: IP8D256NEW | E52: iphone 8 | F52: iPhone 8 | G52: Chiếc | J52: 352993096170238 | K52: 1 | L52: 19490000 | M52: 19490000 | N52: 290000 | O52: 19200000 | R52: KH001325 | S52: Anh Thái | U52: 0989084916 | Y52: 10HB | Z52: HN - 10 HÀNG BÚN - KHO 1 | AB52: HD000180
A53: 43297.785 | B53: 43297.785 | C53: 10HB-2503016411 | D53: SP000028{DEL} | E53: Tai Nghe Bóc Máy 7 Plus | G53: Chiếc | K53: 1 | L53: 500000 | M53: 500000 | N53: 100000 | O53: 400000 | R53: KH001326 | S53: ĐặngThiên Anh | U53: 0837942497 | Y53: 10HB | Z53: HN - 10 HÀNG BÚN - KHO 1 | AB53: HD000182
A54: 43297.8 | B54: 43297.8 | C54: 10HB-2503016410 | D54: IP6PD64 | E54: iphone 6 plus | F54: iPhone 6 | G54: Chiếc | J54: 354392063976958 | K54: 1 | L54: 6390000 | M54: 6390000 | N54: 890000 | O54: 5500000 | Y54: 10HB | Z54: HN - 10 HÀNG BÚN - KHO 1 | AB54: HD000183
A55: 43297.808 | B55: 43297.808 | C55: 10HB-2503016409 | D55: IP6PD64 | E55: iphone 6 plus | F55: iPhone 6 | G55: Chiếc | J55: 354389067383728 | K55: 1 | L55: 6400000 | M55: 6400000 | N55: 0 | O55: 6400000 | R55: KH001301 | S55: Em Trang | U55: 0915079717 | Y55: 10HB | Z55: HN - 10 HÀNG BÚN - KHO 1 | AB55: HDD_TH000008
A56: 43297.856 | B56: 43297.856 | C56: 10HB-2503016406 | D56: IP8V64NEW | E56: iphone 8 | F56: iPhone 8 | G56: Chiếc | J56: 356702086998086 | K56: 1 | L56: 17090000 | M56: 17090000 | N56: 0 | O56: 17090000 | R56: KH001329 | S56: Em Đat | U56: 0363328897 | Y56: 10HB | Z56: HN - 10 HÀNG BÚN - KHO 1 | AB56: HD000186
A57: 43298.488 | B57: 43298.488 | C57: 10HB-2503016404 | D57: SP000005{DEL} | E57: PIN iP6s | G57: Chiếc | K57: 4 | L57: 0 | M57: 0 | N57: 0 | O57: 0 | R57: 0328800347 | S57: Nguyễn Văn Long | U57: 0328800347 | Y57: 10HB | Z57: HN - 10 HÀNG BÚN - KHO 1 | AB57: HD000189
A58: 43298.688 | B58: 43298.688 | C58: 10HB-2503016400 | D58: IPXT64NEW | E58: iphone x - trắng - 64gb - new | G58: Chiếc | J58: 354841091080654 | K58: 1 | L58: 24190000 | M58: 24190000 | N58: 1990000 | O58: 22200000 | R58: KH001334 | S58: Em Trang (XSM) | U58: 0839783996 | Y58: 10HB | Z58: HN - 10 HÀNG BÚN - KHO 1 | AB58: HD000193
A59: 43298.695 | B59: 43298.695 | C59: 10HB-2503016399 | D59: IP8PT64NEW | E59: iphone 8 plus - trắng - 64gb - new | G59: Chiếc | J59: 353009099367959 | K59: 1 | L59: 19390000 | M59: 19390000 | N59: 200000 | O59: 19190000 | Y59: 10HB | Z59: HN - 10 HÀNG BÚN - KHO 1 | AB59: HD000194
A60: 43298.793 | B60: 43298.793 | C60: 10HB-2503016396 | D60: 99%IP8PLUSRED64 | E60: iPhone 8 Plus 64 Red Cũ | F60: iPhone Cũ 99% | G60: Chiếc | J60: 35301109953290 | K60: 1 | L60: 16000000 | M60: 16000000 | N60: 0 | O60: 16000000 | Y60: 10HB | Z60: HN - 10 HÀNG BÚN - KHO 1 | AB60: HD000197
A61: 43298.802 | B61: 43298.802 | C61: 10HB-2503016395 | D61: IP5CT16 | E61: iPhone 5C | F61: iPhone Cũ 99% | G61: Chiếc | J61: 358542057824335 | K61: 1 | L61: 1700000 | M61: 1700000 | N61: 0 | O61: 1700000 | R61: KH001336 | S61: long nv 078712984 | U61: 0900000041 | Y61: 10HB | Z61: HN - 10 HÀNG BÚN - KHO 1 | AB61: HD000198
A62: 43298.83 | B62: 43298.83 | C62: 10HB-2503016394 | D62: IP7PDS32 | E62: iphone 7 plus | F62: iPhone 7 | G62: Chiếc | J62: 359153077497661 | K62: 1 | L62: 11390000 | M62: 11390000 | N62: 1190000 | O62: 10200000 | R62: KH001337 | S62: Anh Zin | U62: 0973604102 | Y62: 10HB | Z62: HN - 10 HÀNG BÚN - KHO 1 | AB62: HD000199
A63: 43299.017 | B63: 43299.017 | C63: 10HB-2503016393 | D63: IP8PV64NEW | E63: iphone 8 plus - vàng - 64gb - new | G63: Chiếc | J63: 35010092836412 | K63: 1 | L63: 19690000 | M63: 19690000 | N63: 100000 | O63: 19590000 | R63: KH001331 | S63: Chị Trúc | U63: 0988121688 | Y63: 10HB | Z63: HN - 10 HÀNG BÚN - KHO 1 | AB63: HD000190.01
A64: 43299.413 | B64: 43299.413 | C64: 10HB-2503016392 | D64: DAYSAC{DEL} | E64: Dây Sạc | G64: Chiếc | K64: 1 | L64: 150000 | M64: 150000 | N64: 0 | O64: 150000 | R64: 0328800347 | S64: Nguyễn Văn Long | U64: 0328800347 | Y64: 10HB | Z64: HN - 10 HÀNG BÚN - KHO 1 | AB64: HD000200
A65: 43299.413 | B65: 43299.413 | C65: 10HB-2503016392 | D65: CUSAC{DEL} | E65: Củ Sạc | G65: Chiếc | K65: 1 | L65: 150000 | M65: 150000 | N65: 0 | O65: 150000 | R65: 0328800347 | S65: Nguyễn Văn Long | U65: 0328800347 | Y65: 10HB | Z65: HN - 10 HÀNG BÚN - KHO 1 | AB65: HD000200
A66: 43299.476 | B66: 43299.476 | C66: 10HB-2503016391 | D66: IP8PDO256NEW | E66: iphone 8-plus - đỏ - 256gb - new | G66: Chiếc | J66: 356113090739260 | K66: 1 | L66: 23890000 | M66: 23890000 | N66: 1090000 | O66: 22800000 | R66: KH001338 | S66: TRẦN THỊ HUYỀN TRANG | U66: 0978468640 | Y66: 10HB | Z66: HN - 10 HÀNG BÚN - KHO 1 | AB66: HD000201
A67: 43299.665 | B67: 43299.665 | C67: 10HB-2503016389 | D67: IPADMINI4WIFI4G16GB | E67: iPadmini4wifi+4G16gb | F67: iPad>>IPad | G67: Chiếc | J67: 3123123 | K67: 1 | L67: 7300000 | M67: 7300000 | N67: 0 | O67: 7300000 | R67: KH001294 | S67: Chị Tuyết | U67: 0904780242 | Y67: 10HB | Z67: HN - 10 HÀNG BÚN - KHO 1 | AB67: HDD_TH000010
A68: 43299.727 | B68: 43299.727 | C68: 10HB-2503016388 | D68: SP000036 | E68: Ip7 Plus 32Gb Lock Đen | F68: iPhone 7 | G68: Chiếc | J68: 356695080260752 | K68: 1 | L68: 7000000 | M68: 7000000 | N68: 0 | O68: 7000000 | Y68: 10HB | Z68: HN - 10 HÀNG BÚN - KHO 1 | AB68: HD000206
A69: 43299.803 | B69: 43299.803 | C69: 10HB-2503016384 | D69: SP000027{DEL} | E69: Củ Sạc ZIn Bóc Máy | G69: Chiếc | K69: 1 | L69: 250000 | M69: 250000 | N69: 22727 | O69: 227273 | R69: 0328800347 | S69: Nguyễn Văn Long | U69: 0328800347 | Y69: 10HB | Z69: HN - 10 HÀNG BÚN - KHO 1 | AB69: HD000210
A70: 43299.803 | B70: 43299.803 | C70: 10HB-2503016384 | D70: SP000029{DEL} | E70: Cáp Zin 1m | G70: Chiếc | K70: 1 | L70: 300000 | M70: 300000 | N70: 27273 | O70: 272727 | R70: 0328800347 | S70: Nguyễn Văn Long | U70: 0328800347 | Y70: 10HB | Z70: HN - 10 HÀNG BÚN - KHO 1 | AB70: HD000210
A71: 43300.493 | B71: 43300.493 | C71: 10HB-2503016381 | D71: SP000006{DEL} | E71: PIN iP6 Plus | G71: Chiếc | K71: 2 | L71: 0 | M71: 0 | N71: 0 | O71: 0 | R71: 0328800347 | S71: Nguyễn Văn Long | U71: 0328800347 | Y71: 10HB | Z71: HN - 10 HÀNG BÚN - KHO 1 | AB71: HD000214
A72: 43300.493 | B72: 43300.493 | C72: 10HB-2503016381 | D72: SP000005{DEL} | E72: PIN iP6s | G72: Chiếc | K72: 2 | L72: 0 | M72: 0 | N72: 0 | O72: 0 | R72: 0328800347 | S72: Nguyễn Văn Long | U72: 0328800347 | Y72: 10HB | Z72: HN - 10 HÀNG BÚN - KHO 1 | AB72: HD000214
A73: 43300.5 | B73: 43300.5 | C73: 10HB-2503016379 | D73: SP000037 | E73: sửa Audio iP7 | G73: Chiếc | K73: 1 | L73: 600000 | M73: 600000 | N73: 0 | O73: 600000 | R73: 0328800347 | S73: Nguyễn Văn Long | U73: 0328800347 | Y73: 10HB | Z73: HN - 10 HÀNG BÚN - KHO 1 | AB73: HD000216
A74: 43300.592 | B74: 43300.592 | C74: 10HB-2503016378 | D74: IP7PH32 | E74: iphone 7 plus | F74: iPhone 7 | G74: Chiếc | J74: 353816086915495 | K74: 1 | L74: 11090000 | M74: 11090000 | N74: 590000 | O74: 10500000 | Y74: 10HB | Z74: HN - 10 HÀNG BÚN - KHO 1 | AB74: HD000217
A75: 43300.709 | B75: 43300.709 | C75: 10HB-2503016377 | D75: IP6ST64 | E75: iphone 6s | F75: iPhone 6s | G75: Chiếc | J75: 353266075273904 | K75: 1 | L75: 5690000 | M75: 5690000 | N75: 390000 | O75: 5300000 | Y75: 10HB | Z75: HN - 10 HÀNG BÚN - KHO 1 | AB75: HD000220
A76: 43300.716 | B76: 43300.716 | C76: 10HB-2503016376 | D76: 99%IP8PLUSGOLD64 | E76: iPhone 8 Plus 64 Gold Cũ - vàng - 64gb | G76: Chiếc | J76: 356711081526453 | K76: 1 | L76: 16290000 | M76: 16290000 | N76: 0 | O76: 16290000 | R76: KH001293 | S76: (VIP) Anh Khôi( Chồng Chị Lan Hair). | U76: 0902188888 | Y76: 10HB | Z76: HN - 10 HÀNG BÚN - KHO 1 | AB76: HD000221
A77: 43300.817 | B77: 43300.817 | C77: 10HB-2503016372 | D77: DAYSAC{DEL} | E77: Dây Sạc | G77: Chiếc | K77: 1 | L77: 100000 | M77: 100000 | N77: 0 | O77: 100000 | R77: 0328800347 | S77: Nguyễn Văn Long | U77: 0328800347 | Y77: 10HB | Z77: HN - 10 HÀNG BÚN - KHO 1 | AB77: HD000224
A78: 43300.817 | B78: 43300.817 | C78: 10HB-2503016372 | D78: CUSAC{DEL} | E78: Củ Sạc | G78: Chiếc | K78: 1 | L78: 100000 | M78: 100000 | N78: 0 | O78: 100000 | R78: 0328800347 | S78: Nguyễn Văn Long | U78: 0328800347 | Y78: 10HB | Z78: HN - 10 HÀNG BÚN - KHO 1 | AB78: HD000224
A79: 43300.837 | B79: 43300.837 | C79: 10HB-2503016371 | D79: SP000038{DEL} | E79: Sửa Ip7 | G79: Chiếc | K79: 1 | L79: 2000000 | M79: 2000000 | N79: 0 | O79: 2000000 | R79: 0328800347 | S79: Nguyễn Văn Long | U79: 0328800347 | Y79: 10HB | Z79: HN - 10 HÀNG BÚN - KHO 1 | AB79: HD000225
A80: 43300.859 | B80: 43300.859 | C80: 10HB-2503016369 | D80: SP000040 | E80: Sửa iP6 Sóng | F80: Dịch Vụ | G80: Chiếc | K80: 1 | L80: 600000 | M80: 600000 | N80: 0 | O80: 600000 | R80: 0328800347 | S80: Nguyễn Văn Long | U80: 0328800347 | Y80: 10HB | Z80: HN - 10 HÀNG BÚN - KHO 1 | AB80: HD000227
A81: 43301.427 | B81: 43301.427 | C81: 10HB-2503016368 | D81: IPXT256NEW | E81: iphone x - trắng - 256gb - new | G81: Chiếc | J81: 354865090523166 | K81: 1 | L81: 26990000 | M81: 26990000 | N81: 300000 | O81: 26690000 | R81: KH001347 | S81: Anh Nhân | U81: 0945408182 | Y81: 10HB | Z81: HN - 10 HÀNG BÚN - KHO 1 | AB81: HD000228
A82: 43301.436 | B82: 43301.436 | C82: 10HB-2503016367 | D82: 99%IP8PLUSBLACK64 | E82: iPhone 8 Plus 64 Black Cũ - đen - 64gb | G82: Chiếc | J82: 352981091288584 | K82: 1 | L82: 16190000 | M82: 16190000 | N82: 0 | O82: 16190000 | R82: KH000946 | S82: Anh Sang | U82: 0968333332 | Y82: 10HB | Z82: HN - 10 HÀNG BÚN - KHO 1 | AB82: HDD_TH000013
A83: 43301.516 | B83: 43301.516 | C83: 10HB-2503016365 | D83: SP000007{DEL} | E83: PIN iP6s Plus | G83: Chiếc | K83: 1 | L83: 400000 | M83: 400000 | N83: 0 | O83: 400000 | R83: 0328800347 | S83: Nguyễn Văn Long | U83: 0328800347 | Y83: 10HB | Z83: HN - 10 HÀNG BÚN - KHO 1 | AB83: HD000230
A84: 43301.676 | B84: 43301.676 | C84: 10HB-2503016363 | D84: SP000042{DEL} | E84: Ép Kính iPad | G84: Chiếc | K84: 1 | L84: 700000 | M84: 700000 | N84: 0 | O84: 700000 | R84: 0328800347 | S84: Nguyễn Văn Long | U84: 0328800347 | Y84: 10HB | Z84: HN - 10 HÀNG BÚN - KHO 1 | AB84: HD000233
A85: 43301.679 | B85: 43301.679 | C85: 10HB-2503016362 | D85: 99%IP8PLUSGOLD64 | E85: iPhone 8 Plus 64 Gold Cũ - vàng - 64gb | G85: Chiếc | J85: 356710081601779 | K85: 1 | L85: 16290000 | M85: 16290000 | N85: 590000 | O85: 15700000 | Y85: 10HB | Z85: HN - 10 HÀNG BÚN - KHO 1 | AB85: HD000235
A86: 43301.845 | B86: 43301.845 | C86: 10HB-2503016360 | D86: JACHCHUYENDOI{DEL} | E86: Jach chuyển | G86: Chiếc | K86: 1 | L86: 150000 | M86: 150000 | N86: 0 | O86: 150000 | R86: 0328800347 | S86: Nguyễn Văn Long | U86: 0328800347 | Y86: 10HB | Z86: HN - 10 HÀNG BÚN - KHO 1 | AB86: HD000237
A87: 43301.845 | B87: 43301.845 | C87: 10HB-2503016360 | D87: SP000029{DEL} | E87: Cáp Zin 1m | G87: Chiếc | K87: 1 | L87: 300000 | M87: 300000 | N87: 150000 | O87: 150000 | R87: 0328800347 | S87: Nguyễn Văn Long | U87: 0328800347 | Y87: 10HB | Z87: HN - 10 HÀNG BÚN - KHO 1 | AB87: HD000237
A88: 43302.589 | B88: 43302.589 | C88: 10HB-2503016357 | D88: IP7PD128GB | E88: iphone 7 plus | F88: iPhone 7 | G88: Chiếc | J88: 355835085782159 | K88: 1 | L88: 13490000 | M88: 13490000 | N88: 790000 | O88: 12700000 | Y88: 10HB | Z88: HN - 10 HÀNG BÚN - KHO 1 | AB88: HD000240
A89: 43303.631 | B89: 43303.631 | C89: 10HB-2503016351 | D89: 99%IPXGRAY64 | E89: iPhone X 64 Gray Cũ | F89: iPhone Cũ 99% | G89: Chiếc | J89: 359406087907362 | K89: 1 | L89: 20500000 | M89: 20500000 | N89: 0 | O89: 20500000 | R89: KH001355 | S89: Anh Trường | U89: 0914949999 | Y89: 10HB | Z89: HN - 10 HÀNG BÚN - KHO 1 | AB89: HD000247
A90: 43303.699 | B90: 43303.699 | C90: 10HB-2503016349 | D90: SP000028{DEL} | E90: Tai Nghe Bóc Máy 7 Plus | G90: Chiếc | K90: 1 | L90: 500000 | M90: 500000 | N90: 0 | O90: 500000 | R90: 0328800347 | S90: Nguyễn Văn Long | U90: 0328800347 | Y90: 10HB | Z90: HN - 10 HÀNG BÚN - KHO 1 | AB90: HD000249
A91: 43304.479 | B91: 43304.479 | C91: 10HB-2503016347 | D91: 99%IP8PLUSBLACK64 | E91: iPhone 8 Plus 64 Black Cũ - đen - 64gb | G91: Chiếc | J91: 359500087329146 | K91: 1 | L91: 15790000 | M91: 15790000 | N91: 490000 | O91: 15300000 | Y91: 10HB | Z91: HN - 10 HÀNG BÚN - KHO 1 | AB91: HD000251
A92: 43304.604 | B92: 43304.604 | C92: 10HB-2503016344 | D92: IPXT64NEW | E92: iphone x - trắng - 64gb - new | G92: Chiếc | J92: 354848093354961 | K92: 1 | L92: 23990000 | M92: 23990000 | N92: 0 | O92: 23990000 | R92: KH001357 | S92: Em Ngọc | U92: 0938886989 | Y92: 10HB | Z92: HN - 10 HÀNG BÚN - KHO 1 | AB92: HD000254
A93: 43304.732 | B93: 43304.732 | C93: 10HB-2503016339 | D93: SP000013{DEL} | E93: Thay Man iP6 | G93: Chiếc | K93: 1 | L93: 900000 | M93: 900000 | N93: 0 | O93: 900000 | R93: KH001362 | S93: Anh Vũ Anh Tùng | U93: 0983215101 | Y93: 10HB | Z93: HN - 10 HÀNG BÚN - KHO 1 | AB93: HD000259
A94: 43304.802 | B94: 43304.802 | C94: 10HB-2503016335 | D94: 99%IP8PLUSGOLD256 | E94: iPhone 8 Plus 256 Gold Cũ - vàng - 256gb | G94: Chiếc | J94: 353009099014429 | K94: 1 | L94: 20500000 | M94: 20500000 | N94: 0 | O94: 20500000 | R94: KH001364 | S94: Em Hoàng Thảo Linh | U94: 0976969349 | Y94: 10HB | Z94: HN - 10 HÀNG BÚN - KHO 1 | AB94: HD000262
A95: 43305.535 | B95: 43305.535 | C95: 10HB-2503016333 | D95: IPXT256NEW | E95: iphone x - trắng - 256gb - new | G95: Chiếc | J95: 354869090675315 | K95: 1 | L95: 27000000 | M95: 27000000 | N95: 500000 | O95: 26500000 | R95: KH001366 | S95: Anh Trương Văn Thành | U95: 0982897979 | Y95: 10HB | Z95: HN - 10 HÀNG BÚN - KHO 1 | AB95: HD000264
A96: 43305.782 | B96: 43305.782 | C96: 10HB-2503016330 | D96: IP6PD64 | E96: iphone 6 plus | F96: iPhone 6 | G96: Chiếc | J96: 354389066821249 | K96: 1 | L96: 6390000 | M96: 6390000 | N96: 0 | O96: 6390000 | R96: KH001365 | S96: Chị Lê Thị Thu | U96: 0986432788 | Y96: 10HB | Z96: HN - 10 HÀNG BÚN - KHO 1 | AB96: HDD_TH000019
A97: 43306.524 | B97: 43306.524 | C97: 10HB-2503016325 | D97: IP6SH16 | E97: iphone 6s | F97: iPhone 6s | G97: Chiếc | J97: 355768074075774 | K97: 1 | L97: 4690000 | M97: 4690000 | N97: 490000 | O97: 4200000 | Y97: 10HB | Z97: HN - 10 HÀNG BÚN - KHO 1 | AB97: HD000270
A98: 43306.626 | B98: 43306.626 | C98: 10HB-2503016320 | D98: SP000028{DEL} | E98: Tai Nghe Bóc Máy 7 Plus | G98: Chiếc | K98: 2 | L98: 500000 | M98: 1000000 | N98: 0 | O98: 1000000 | R98: KH001373 | S98: Em Hạnh | U98: 0974735491 | Y98: 10HB | Z98: HN - 10 HÀNG BÚN - KHO 1 | AB98: HD000277
A99: 43306.847 | B99: 43306.847 | C99: 10HB-2503016316 | D99: SP000045 | E99: iPhone 8 Plus Lock | F99: iPhone 8 | G99: Chiếc | J99: 3556109091075860 | K99: 1 | L99: 16500000 | M99: 16500000 | N99: 0 | O99: 16500000 | R99: KH001376 | S99: Anh Lý Đức Hải | U99: 0965659386 | Y99: 10HB | Z99: HN - 10 HÀNG BÚN - KHO 1 | AB99: HD000281
A100: 43306.848 | B100: 43306.848 | C100: 10HB-2503016315 | D100: SP000046{DEL} | E100: Thay Cam iP6p | G100: Chiếc | K100: 1 | L100: 600000 | M100: 600000 | N100: 0 | O100: 600000 | R100: KH001376 | S100: Anh Lý Đức Hải | U100: 0965659386 | Y100: 10HB | Z100: HN - 10 HÀNG BÚN - KHO 1 | AB100: HD000282
...

Sheet test
A1: HN - 10 HÀNG BÚN - KHO 1 | B1: HD003954 | C1: 45737 | D1: KH003670 | F1: 0 | G1: 10690000 | H1: care1{DEL} | J1: 1 | K1: 1000000 | L1: 300000 | M1: 700000 | N1: 700000
A2: HN - 10 HÀNG BÚN - KHO 1 | B2: HD003954 | C2: 45737 | D2: KH003670 | F2: 0 | G2: 10690000 | H2: SP000185 | I2: G99YV52WKDH4 | J2: 1 | K2: 9690000 | L2: 0 | M2: 9690000 | N2: 9690000
A3: HN - 10 HÀNG BÚN - KHO 1 | B3: HD003954 | C3: 45737 | D3: KH003670 | F3: 0 | G3: 10690000 | H3: daythepfake{DEL} | J3: 1 | K3: 300000 | L3: 0 | M3: 300000 | N3: 300000
